DATABASE_ID,GENERIC_NAME,SMILES,FORMULA,MOLECULAR_WEIGHT,EXACT_MASS,Total.Molweight,cLogP,H.Acceptors,H.Donors
DB00619,Imatinib,CN1CCN(CC2=CC=C(C=C2)C(=O)NC2=CC(NC3=NC=CC(=N3)C3=CN=CC=C3)=C(C)C=C2)CC1,C29H31N7O,493.6027,493.2590086,493.613,3.9383,8,2
DB15133,Tepotinib,CN1CCC(COC2=CN=C(N=C2)C2=CC(CN3N=C(C=CC3=O)C3=CC(=CC=C3)C#N)=CC=C2)CC1,C29H28N6O2,492.583,492.2273742,492.581,3.1152,8,0
DB15233,Avapritinib,CN1C=C(C=N1)C1=CN2N=CN=C(N3CCN(CC3)C3=NC=C(C=N3)[C@@](C)(N)C3=CC=C(F)C=C3)C2=C1,C26H27FN10,498.57,498.2404191,498.568,0.6155,10,1
DB09330,Osimertinib,COC1=C(NC2=NC=CC(=N2)C2=CN(C)C3=C2C=CC=C3)C=C(NC(=O)C=C)C(=C1)N(C)CCN(C)C,C28H33N7O2,499.619,499.2695733,499.617,3.4175,9,2
DB11363,Alectinib,CCC1=CC2=C(C=C1N1CCC(CC1)N1CCOCC1)C(C)(C)C1=C(C3=CC=C(C=C3N1)C#N)C2=O,C30H34N4O2,482.6166,482.2681764,482.626,4.7668,6,1
DB11652,Tucatinib,CC1=CC(NC2=NC=NC3=CC=C(NC4=NC(C)(C)CO4)C=C23)=CC=C1OC1=CC2=NC=NN2C=C1,C26H24N8O2,480.532,480.202222,480.531,3.5018,10,2
DB16629,Serdexmethylphenidate,[H][C@@]1(CCCCN1C(=O)OC[N+]1=CC=CC(=C1)C(=O)N[C@@H](CO)C([O-])=O)[C@H](C(=O)OC)C1=CC=CC=C1,C25H29N3O8,499.52,499.1954649,499.518,-4.4522,10,2
DB00691,Moexipril,CCOC(=O)[C@H](CCC1=CC=CC=C1)N[C@@H](C)C(=O)N1CC2=CC(OC)=C(OC)C=C2C[C@H]1C(O)=O,C27H34N2O7,498.5681,498.2366015,498.574,0.5584,9,2
DB01177,Idarubicin,C[C@@H]1O[C@H](C[C@H](N)[C@@H]1O)O[C@H]1C[C@@](O)(CC2=C1C(O)=C1C(=O)C3=CC=CC=C3C(=O)C1=C2O)C(C)=O,C26H27NO9,497.4939,497.1685815,497.498,1.164,10,5
DB09030,Vorapaxar,[H][C@@]12C[C@]3([H])C[C@@H](CC[C@@]3([H])[C@H](\C=C\C3=CC=C(C=N3)C3=CC(F)=CC=C3)[C@]1([H])[C@@H](C)OC2=O)NC(=O)OCC,C29H33FN2O4,492.5817,492.2424358,492.589,4.7865,6,1
DB11703,Acalabrutinib,CC#CC(=O)N1CCC[C@H]1C1=NC(=C2N1C=CN=C2N)C1=CC=C(C=C1)C(=O)NC1=CC=CC=N1,C26H23N7O2,465.517,465.191323,465.516,2.6784,9,2
DB15035,Zanubrutinib,NC(=O)C1=C2NCC[C@@H](C3CCN(CC3)C(=O)C=C)N2N=C1C1=CC=C(OC2=CC=CC=C2)C=C1,C27H29N5O3,471.561,471.2270398,471.559,3.325,8,2
DB15102,Pemigatinib,CCN1C(=O)N(CC2=CN=C3NC(CN4CCOCC4)=CC3=C12)C1=C(F)C(OC)=CC(OC)=C1F,C24H27F2N5O4,487.508,487.2031107,487.505,1.8832,9,1
DB09319,Carindacillin,[H][C@]12SC(C)(C)[C@@H](N1C(=O)[C@H]2NC(=O)C(C(=O)OC1=CC2=C(CCC2)C=C1)C1=CC=CC=C1)C(O)=O,C26H26N2O6S,494.56,494.1511577,494.566,3.4489,8,2
DB11697,Pacritinib,C(CN1CCCC1)OC1=CC=C2NC3=NC=CC(=N3)C3=CC(COC\C=C\COCC1=C2)=CC=C3,C28H32N4O3,472.589,472.2474409,472.587,4.3205,7,1
DB08882,Linagliptin,CC#CCN1C(=NC2=C1C(=O)N(CC1=NC3=C(C=CC=C3)C(C)=N1)C(=O)N2C)N1CCC[C@@H](N)C1,C25H28N8O2,472.5422,472.2335222,472.551,2.0304,10,1
DB01047,Fluocinonide,[H][C@@]12C[C@@]3([H])[C@]4([H])C[C@H](F)C5=CC(=O)C=C[C@]5(C)[C@@]4(F)[C@@H](O)C[C@]3(C)[C@@]1(OC(C)(C)O2)C(=O)COC(C)=O,C26H32F2O7,494.5249,494.2116098,494.529,1.6656,7,1
DB14541,Hydrocortisone cypionate,[H][C@@]12CC[C@](O)(C(=O)COC(=O)CCC3CCCC3)[C@@]1(C)C[C@H](O)[C@@]1([H])[C@@]2([H])CCC2=CC(=O)CC[C@]12C,C29H42O6,486.649,486.2981391,486.646,3.8123,6,2
DB00622,Nicardipine,COC(=O)C1=C(C)NC(C)=C(C1C1=CC(=CC=C1)[N+]([O-])=O)C(=O)OCCN(C)CC1=CC=CC=C1,C26H29N3O6,479.525,479.2056357,479.531,2.672,8,1
DB06207,Silodosin,C[C@H](CC1=CC2=C(N(CCCO)CC2)C(=C1)C(N)=O)NCCOC1=CC=CC=C1OCC(F)(F)F,C25H32F3N3O4,495.5345,495.2344911,495.54,3.1061,7,3
DB12005,Nirogacestat,CCC[C@H](N[C@H]1CCC2=CC(F)=CC(F)=C2C1)C(=O)NC1=CN(C=N1)C(C)(C)CNCC(C)(C)C,C27H41F2N5O,489.656,489.3279173,489.653,4.3631,6,3
DB16691,Nirmatrelvir,[H][C@]12CN([C@H](C(=O)N[C@@H](C[C@]3([H])CCNC3=O)C#N)[C@@]1([H])C2(C)C)C(=O)[C@@H](NC(=O)C(F)(F)F)C(C)(C)C,C23H32F3N5O4,499.535,499.240639,499.532,0.9782,9,3
DB11362,Selexipag,CC(C)N(CCCCOCC(=O)NS(C)(=O)=O)C1=NC(C2=CC=CC=C2)=C(N=C1)C1=CC=CC=C1,C26H32N4O4S,496.63,496.2144267,496.63,4.0083,8,1
DB08815,Lurasidone,[H][C@@]12[C@H]3CC[C@H](C3)[C@]1([H])C(=O)N(C[C@@H]1CCCC[C@H]1CN1CCN(CC1)C1=NSC3=CC=CC=C13)C2=O,C28H36N4O2S,492.676,492.2558971,492.686,3.9243,6,0
DB14726,Dabigatran,CN1C(CNC2=CC=C(C=C2)C(N)=N)=NC2=C1C=CC(=C2)C(=O)N(CCC(O)=O)C1=NC=CC=C1,C25H25N7O3,471.521,471.2018877,471.52,1.7787,10,4
DB01430,Almitrine,FC1=CC=C(C=C1)C(N1CCN(CC1)C1=NC(NCC=C)=NC(NCC=C)=N1)C1=CC=C(F)C=C1,C26H29F2N7,477.5522,477.2452504,477.561,4.8395,7,2
DB09183,Dasabuvir,COC1=C(C=C(C=C1C1=CC2=CC=C(NS(C)(=O)=O)C=C2C=C1)N1C=CC(=O)NC1=O)C(C)(C)C,C26H27N3O5S,493.58,493.1671422,493.582,4.1211,8,2
DB16157,Ensifentrine,COC1=C(OC)C=C2C(CCN3C(=O)N(CCNC(N)=O)\C(C=C23)=N\C2=C(C)C=C(C)C=C2C)=C1,C26H31N5O4,477.565,477.2376045,477.563,2.874,9,2
DB14543,Hydrocortisone probutate,[H][C@@]12CC[C@](OC(=O)CCC)(C(=O)COC(=O)CC)[C@@]1(C)C[C@H](O)[C@@]1([H])[C@@]2([H])CCC2=CC(=O)CC[C@]12C,C28H40O7,488.613,488.2774036,488.619,3.7492,7,1
DB01130,Prednicarbate,[H][C@@]12CC[C@](OC(=O)OCC)(C(=O)COC(=O)CC)[C@@]1(C)C[C@H](O)[C@@]1([H])[C@@]2([H])CCC2=CC(=O)C=C[C@]12C,C27H36O8,488.577,488.2410181,488.575,3.1745,8,1
DB12532,Oxetacaine,CN(C(=O)CN(CCO)CC(=O)N(C)C(C)(C)CC1=CC=CC=C1)C(C)(C)CC1=CC=CC=C1,C28H41N3O3,467.654,467.3147922,467.652,3.2206,6,1
DB06237,Avanafil,COC1=C(Cl)C=C(CNC2=C(C=NC(=N2)N2CCC[C@H]2CO)C(=O)NCC2=NC=CC=N2)C=C1,C23H26ClN7O3,483.951,483.1785654,483.958,1.4906,10,3
DB11591,Bilastine,CCOCCN1C(=NC2=CC=CC=C12)C1CCN(CCC2=CC=C(C=C2)C(C)(C)C(O)=O)CC1,C28H37N3O3,463.622,463.2834921,463.62,3.5841,6,1
DB13931,Netarsudil,CC1=CC(C)=C(C=C1)C(=O)OCC1=CC=C(C=C1)[C@@H](CN)C(=O)NC1=CC=C2C=NC=CC2=C1,C28H27N3O3,453.542,453.2052417,453.54,4.1206,6,2
DB08916,Afatinib,CN(C)C\C=C\C(=O)NC1=C(O[C@H]2CCOC2)C=C2N=CN=C(NC3=CC(Cl)=C(F)C=C3)C2=C1,C24H25ClFN5O3,485.938,485.1629956,485.946,3.6354,8,2
DB08834,Tauroursodeoxycholic acid,[H][C@@]12CC[C@H]([C@H](C)CCC(=O)NCCS(O)(=O)=O)[C@@]1(C)CC[C@@]1([H])[C@@]2([H])[C@@H](O)C[C@]2([H])C[C@H](O)CC[C@]12C,C26H45NO6S,499.71,499.2967593,499.71,2.0912,7,4
DB00769,Hydrocortamate,[H][C@@]12CC[C@](O)(C(=O)COC(=O)CN(CC)CC)[C@@]1(C)C[C@H](O)[C@@]1([H])[C@@]2([H])CCC2=CC(=O)CC[C@]12C,C27H41NO6,475.6175,475.293388,475.624,2.0075,7,2
DB00862,Vardenafil,CCCC1=NC(C)=C2N1NC(=NC2=O)C1=C(OCC)C=CC(=C1)S(=O)(=O)N1CCN(CC)CC1,C23H32N6O4S,488.603,488.2205742,488.611,2.0144,10,1
DB09083,Ivabradine,COC1=C(OC)C=C2[C@@H](CN(C)CCCN3CCC4=CC(OC)=C(OC)C=C4CC3=O)CC2=C1,C27H36N2O5,468.594,468.2624223,468.592,3.6523,7,0
DB00836,Loperamide,CN(C)C(=O)C(CCN1CCC(O)(CC1)C1=CC=C(Cl)C=C1)(C1=CC=CC=C1)C1=CC=CC=C1,C29H33ClN2O2,477.038,476.223056,477.046,4.7197,4,1
DB01081,Diphenoxylate,CCOC(=O)C1(CCN(CCC(C#N)(C2=CC=CC=C2)C2=CC=CC=C2)CC1)C1=CC=CC=C1,C30H32N2O2,452.5873,452.2463783,452.596,4.7577,4,0
DB04209,Dequalinium,CC1=CC(N)=C2C=CC=CC2=[N+]1CCCCCCCCCC[N+]1=C(C)C=C(N)C2=C1C=CC=C2,C30H40N4,456.6654,456.3252973,456.676,-1.2848,2,2
DB14643,Methylprednisolone aceponate,[H][C@@]12CC[C@](OC(=O)CC)(C(=O)COC(C)=O)[C@@]1(C)C[C@H](O)[C@@]1([H])[C@@]2([H])C[C@H](C)C2=CC(=O)C=C[C@]12C,C27H36O7,472.578,472.2461035,472.576,2.8343,7,1
DB14644,Methylprednisolone hemisuccinate,[H][C@@]12CC[C@](O)(C(=O)COC(=O)CCC(O)=O)[C@@]1(C)C[C@H](O)[C@@]1([H])[C@@]2([H])C[C@H](C)C2=CC(=O)C=C[C@]12C,C26H34O8,474.55,474.2253681,474.548,1.5278,8,3
DB00429,Carboprost tromethamine,NC(CO)(CO)CO.CCCCC[C@](C)(O)\C=C\[C@H]1[C@H](O)C[C@H](O)[C@@H]1C\C=C/CCCC(O)=O,C25H47NO8,489.65,489.3301675,489.647,4.0297,5,4
DB06605,Apixaban,COC1=CC=C(C=C1)N1N=C(C(N)=O)C2=C1C(=O)N(CC2)C1=CC=C(C=C1)N1CCCCC1=O,C25H25N5O4,459.4971,459.1906543,459.505,1.6048,9,1
DB16703,Belumosudil,CC(C)NC(=O)COC1=CC=CC(=C1)C1=NC2=C(C=CC=C2)C(NC2=CC=C3NN=CC3=C2)=N1,C26H24N6O2,452.518,452.196074,452.517,3.9279,8,3
DB17472,Pirtobrutinib,COC1=C(C=C(F)C=C1)C(=O)NCC1=CC=C(C=C1)C1=NN([C@@H](C)C(F)(F)F)C(N)=C1C(N)=O,C22H21F4N5O3,479.436,479.1580522,479.433,2.3489,8,3
DB04898,Ximelagatran,CCOC(=O)CN[C@@H](C(=O)N1CC[C@H]1C(=O)NCC1=CC=C(C=C1)C(\N)=N\O)C1CCCCC1,C24H35N5O5,473.5652,473.2638193,473.572,1.1936,10,4
DB00222,Glimepiride,CCC1=C(C)CN(C(=O)NCCC2=CC=C(C=C2)S(=O)(=O)NC(=O)N[C@H]2CC[C@H](C)CC2)C1=O,C24H34N4O5S,490.62,490.2249914,490.623,3.5186,9,3
DB00921,Buprenorphine,CO[C@]12CC[C@@]3(C[C@@H]1[C@](C)(O)C(C)(C)C)[C@H]1CC4=C5C(O[C@@H]2[C@@]35CCN1CC1CC1)=C(O)C=C4,C29H41NO4,467.6401,467.3035588,467.648,4.3417,5,2
DB13874,Enasidenib,CC(C)(O)CNC1=NC(=NC(NC2=CC(=NC=C2)C(F)(F)F)=N1)C1=NC(=CC=C1)C(F)(F)F,C19H17F6N7O,473.383,473.1398772,473.38,3.6454,8,3
DB06608,Tafenoquine,COC1=CC(C)=C2C(OC3=CC=CC(=C3)C(F)(F)F)=C(OC)C=C(NC(C)CCCN)C2=N1,C24H28F3N3O3,463.501,463.2082763,463.498,4.7717,6,2
DB01016,Glyburide,COC1=C(C=C(Cl)C=C1)C(=O)NCCC1=CC=C(C=C1)S(=O)(=O)NC(=O)NC1CCCCC1,C23H28ClN3O5S,494.004,493.1438194,494.01,3.9494,8,3
DB00985,Dimenhydrinate,CN1C2=C(N=C(Cl)N2)C(=O)N(C)C1=O.CN(C)CCOC(C1=CC=CC=C1)C1=CC=CC=C1,C24H28ClN5O3,469.97,469.1880675,469.971,2.9058,2,0
DB00912,Repaglinide,CCOC1=C(C=CC(CC(=O)N[C@@H](CC(C)C)C2=CC=CC=C2N2CCCCC2)=C1)C(O)=O,C27H36N2O4,452.5857,452.2675077,452.593,4.5828,6,2
DB08896,Regorafenib,CNC(=O)C1=CC(OC2=CC(F)=C(NC(=O)NC3=CC=C(Cl)C(=C3)C(F)(F)F)C=C2)=CC=N1,C21H15ClF4N4O3,482.815,482.0768809,482.82,4.2436,7,3
DB09073,Palbociclib,CC(=O)C1=C(C)C2=CN=C(NC3=NC=C(C=C3)N3CCNCC3)N=C2N(C2CCCC2)C1=O,C24H29N7O2,447.5328,447.2382732,447.541,2.003,9,2
DB00590,Doxazosin,COC1=C(OC)C=C2C(N)=NC(=NC2=C1)N1CCN(CC1)C(=O)C1COC2=CC=CC=C2O1,C23H25N5O5,451.4751,451.1855689,451.481,2.1379,10,1
DB06684,Vilazodone,NC(=O)C1=CC2=CC(=CC=C2O1)N1CCN(CCCCC2=CNC3=C2C=C(C=C3)C#N)CC1,C26H27N5O2,441.5249,441.2164751,441.533,3.6629,7,2
DB08897,Aclidinium,OC(C(=O)O[C@H]1C[N+]2(CCCOC3=CC=CC=C3)CCC1CC2)(C1=CC=CS1)C1=CC=CS1,C26H30NO4S2,484.651,484.1616248,484.659,0.9982,4,1
DB09053,Ibrutinib,NC1=NC=NC2=C1C(=NN2[C@@H]1CCCN(C1)C(=O)C=C)C1=CC=C(OC2=CC=CC=C2)C=C1,C25H24N6O2,440.507,440.196074,440.506,3.6932,8,1
DB14895,Vibegron,[H][C@@]1(CC[C@@H](CC2=CC=C(NC(=O)[C@@H]3CCC4=NC=CC(=O)N34)C=C2)N1)[C@H](O)C1=CC=CC=C1,C26H28N4O3,444.535,444.2161408,444.533,1.495,7,3
DB15442,Trilaciclib,CN1CCN(CC1)C1=CN=C(NC2=NC3=C(C=C4N3C3(CCCCC3)CNC4=O)C=N2)C=C1,C24H30N8O,446.559,446.2542576,446.557,3.2088,9,2
DB16627,Melphalan flufenamide,CCOC(=O)[C@H](CC1=CC=C(F)C=C1)NC(=O)[C@@H](N)CC1=CC=C(C=C1)N(CCCl)CCCl,C24H30Cl2FN3O3,498.42,497.1648254,498.424,3.1651,6,2
DB01098,Rosuvastatin,CC(C)C1=NC(=NC(C2=CC=C(F)C=C2)=C1\C=C\[C@@H](O)C[C@@H](O)CC(=O)O)N(C)S(C)(=O)=O,C22H28FN3O6S,481.538,481.1682845,481.543,2.1001,9,3
DB00439,Cerivastatin,COCC1=C(C2=CC=C(F)C=C2)C(\C=C\[C@@H](O)C[C@@H](O)CC(O)=O)=C(C(C)C)N=C1C(C)C,C26H34FNO5,459.5503,459.2421014,459.556,4.3196,6,3
DB09236,Lacidipine,CCOC(=O)C1=C(C)NC(C)=C(C1C1=CC=CC=C1\C=C\C(=O)OC(C)(C)C)C(=O)OCC,C26H33NO6,455.551,455.2307878,455.549,4.6767,7,1
DB00661,Verapamil,COC1=C(OC)C=C(CCN(C)CCCC(C#N)(C(C)C)C2=CC(OC)=C(OC)C=C2)C=C1,C27H38N2O4,454.6016,454.2831577,454.609,4.9303,6,0
DB01254,Dasatinib,CC1=NC(NC2=NC=C(S2)C(=O)NC2=C(C)C=CC=C2Cl)=CC(=N1)N1CCN(CCO)CC1,C22H26ClN7O2S,488.006,487.1557215,488.014,3.6259,9,3
DB00303,Ertapenem,[H][C@]12[C@@H](C)C(S[C@]3([H])CN[C@@]([H])(C3)C(=O)NC3=CC=CC(=C3)C(O)=O)=C(N1C(=O)[C@]2([H])[C@@H](C)O)C(O)=O,C22H25N3O7S,475.515,475.1413209,475.521,-2.1769,10,5
DB01017,Minocycline,[H][C@@]12CC3=C(C(O)=CC=C3N(C)C)C(=O)C1=C(O)[C@]1(O)C(=O)C(C(N)=O)=C(O)[C@@H](N(C)C)[C@]1([H])C2,C23H27N3O7,457.4764,457.1849002,457.481,-1.102,10,5
DB08881,Vemurafenib,CCCS(=O)(=O)NC1=C(F)C(C(=O)C2=CNC3=NC=C(C=C23)C2=CC=C(Cl)C=C2)=C(F)C=C1,C23H18ClF2N3O3S,489.922,489.0725463,489.929,4.5779,6,2
DB11901,Apalutamide,CNC(=O)C1=CC=C(C=C1F)N1C(=S)N(C(=O)C11CCC1)C1=CC(=C(N=C1)C#N)C(F)(F)F,C21H15F4N5O2S,477.44,477.0882586,477.441,2.6891,7,1
DB01149,Nefazodone,CCC1=NN(CCCN2CCN(CC2)C2=CC(Cl)=CC=C2)C(=O)N1CCOC1=CC=CC=C1,C25H32ClN5O2,470.007,469.224453,470.015,4.0888,7,0
DB11963,Dacomitinib,COC1=C(NC(=O)\C=C\CN2CCCCC2)C=C2C(NC3=CC(Cl)=C(F)C=C3)=NC=NC2=C1,C24H25ClFN5O2,469.939,469.168081,469.947,4.7187,7,2
DB00248,Cabergoline,[H][C@@]12CC3=CNC4=CC=CC(=C34)[C@@]1([H])C[C@H](CN2CC=C)C(=O)N(CCCN(C)C)C(=O)NCC,C26H37N5O2,451.6043,451.2947255,451.613,3.0883,7,2
DB00275,Olmesartan,CCCC1=NC(=C(N1CC1=CC=C(C=C1)C1=C(C=CC=C1)C1=NN=NN1)C(O)=O)C(C)(C)O,C24H26N6O3,446.5016,446.2066387,446.509,3.2081,9,3
DB12147,Erdafitinib,COC1=CC(=CC(OC)=C1)N(CCNC(C)C)C1=CC=C2N=CC(=NC2=C1)C1=CN(C)N=C1,C25H30N6O2,446.555,446.2430242,446.553,1.524,8,1
DB00203,Sildenafil,CCCC1=NN(C)C2=C1N=C(NC2=O)C1=CC(=CC=C1OCC)S(=O)(=O)N1CCN(C)CC1,C22H30N6O4S,474.576,474.2049242,474.584,1.0802,10,1
DB14632,Prednisolone tebutate,[H][C@@]12CC[C@](O)(C(=O)COC(=O)CC(C)(C)C)[C@@]1(C)C[C@H](O)[C@@]1([H])[C@@]2([H])CCC2=CC(=O)C=C[C@]12C,C27H38O6,458.587,458.2668389,458.593,3.3189,6,2
DB14545,Hydrocortisone succinate,[H][C@@]12CC[C@](O)(C(=O)COC(=O)CCC(O)=O)[C@@]1(C)C[C@H](O)[C@@]1([H])[C@@]2([H])CCC2=CC(=O)CC[C@]12C,C25H34O8,462.539,462.2253681,462.537,1.5339,8,3
DB01160,Dinoprost tromethamine,NC(CO)(CO)CO.CCCCC[C@H](O)\C=C\[C@H]1[C@H](O)C[C@H](O)[C@@H]1C\C=C/CCCC(O)=O,C24H45NO8,475.616,475.3145174,475.62,3.6491,5,4
DB01621,Pipotiazine,CN(C)S(=O)(=O)C1=CC2=C(SC3=CC=CC=C3N2CCCN2CCC(CCO)CC2)C=C1,C24H33N3O3S2,475.667,475.1963333,475.676,4.1495,6,1
DB06137,Tirbanibulin,O=C(CC1=CC=C(C=N1)C1=CC=C(OCCN2CCOCC2)C=C1)NCC1=CC=CC=C1,C26H29N3O3,431.536,431.2208918,431.534,2.8257,6,1
DB00705,Delavirdine,CC(C)NC1=C(N=CC=C1)N1CCN(CC1)C(=O)C1=CC2=C(N1)C=CC(NS(C)(=O)=O)=C2,C22H28N6O3S,456.561,456.1943595,456.569,1.8437,9,3
DB01413,Cefepime,CO\N=C(/C(=O)N[C@@H]1C(=O)N2[C@]1([H])SCC(C[N+]1(C)CCCC1)=C2C([O-])=O)C1=CSC(N)=N1,C19H24N6O5S2,480.561,480.1249593,480.569,-4.9871,10,2
DB16217,Leniolisib,CCC(=O)N1CC[C@@H](C1)NC1=C2CN(CCC2=NC=N1)C1=CN=C(OC)C(=C1)C(F)(F)F,C21H25F3N6O2,450.466,450.1991086,450.463,2.1617,8,1
DB01501,Difenoxin,OC(=O)C1(CCN(CCC(C#N)(C2=CC=CC=C2)C2=CC=CC=C2)CC1)C1=CC=CC=C1,C28H28N2O2,424.5341,424.2150782,424.542,2.997,4,1
DB11800,Tivozanib,COC1=C(OC)C=C2C(OC3=CC(Cl)=C(NC(=O)NC4=NOC(C)=C4)C=C3)=CC=NC2=C1,C22H19ClN4O5,454.863,454.1043974,454.869,4.1382,9,2
DB12492,Piritramide,NC(=O)C1(CCN(CCC(C#N)(C2=CC=CC=C2)C2=CC=CC=C2)CC1)N1CCCCC1,C27H34N4O,430.5851,430.2732617,430.594,2.8084,5,1
DB14596,Loteprednol etabonate,[H][C@@]12CC[C@](OC(=O)OCC)(C(=O)OCCl)[C@@]1(C)C[C@H](O)[C@@]1([H])[C@@]2([H])CCC2=CC(=O)C=C[C@]12C,C24H31ClO7,466.96,466.175831,466.956,3.3821,7,1
DB12236,Bexagliflozin,OC[C@H]1O[C@H]([C@H](O)[C@@H](O)[C@@H]1O)C1=CC=C(Cl)C(CC2=CC=C(OCCOC3CC3)C=C2)=C1,C24H29ClO7,464.94,464.160181,464.94,2.035,7,4
DB01013,Clobetasol propionate,[H][C@@]12C[C@H](C)[C@](OC(=O)CC)(C(=O)CCl)[C@@]1(C)C[C@H](O)[C@@]1(F)[C@@]2([H])CCC2=CC(=O)C=C[C@]12C,C25H32ClFO5,466.97,466.19223,466.975,3.3834,5,1
DB14544,Hydrocortisone valerate,[H][C@@]12CC[C@](OC(=O)CCCC)(C(=O)CO)[C@@]1(C)C[C@H](O)[C@@]1([H])[C@@]2([H])CCC2=CC(=O)CC[C@]12C,C26H38O6,446.5763,446.2668389,446.582,3.2646,6,2
DB14669,Betamethasone phosphate,[H][C@@]12C[C@H](C)[C@](O)(C(=O)COP(O)(O)=O)[C@@]1(C)C[C@H](O)[C@@]1(F)[C@@]2([H])CCC2=CC(=O)C=C[C@]12C,C22H30FO8P,472.446,472.1662331,472.444,-1.9554,8,4
DB09082,Vilanterol,OCC1=C(O)C=CC(=C1)[C@@H](O)CNCCCCCCOCCOCC1=C(Cl)C=CC=C1Cl,C24H33Cl2NO5,486.43,485.1735786,486.434,3.6957,6,4
DB01602,Bacampicillin,[H][C@]12SC(C)(C)[C@@H](N1C(=O)[C@H]2NC(=O)[C@H](N)C1=CC=CC=C1)C(=O)OC(C)OC(=O)OCC,C21H27N3O7S,465.52,465.1569709,465.525,1.2902,10,2
DB01604,Pivampicillin,[H][C@]12SC(C)(C)[C@@H](N1C(=O)[C@H]2NC(=O)[C@H](N)C1=CC=CC=C1)C(=O)OCOC(=O)C(C)(C)C,C22H29N3O6S,463.547,463.1777064,463.553,1.7196,9,2
DB00604,Cisapride,CO[C@H]1CN(CCCOC2=CC=C(F)C=C2)CC[C@H]1NC(=O)C1=CC(Cl)=C(N)C=C1OC,C23H29ClFN3O4,465.945,465.1830623,465.951,3.0142,7,2
DB12364,Betrixaban,COC1=CC=C(NC(=O)C2=CC=C(C=C2)C(=N)N(C)C)C(=C1)C(=O)NC1=CC=C(Cl)C=N1,C23H22ClN5O3,451.91,451.1411173,451.913,3.1474,8,3
DB00177,Valsartan,CCCCC(=O)N(CC1=CC=C(C=C1)C1=CC=CC=C1C1=NNN=N1)[C@@H](C(C)C)C(O)=O,C24H29N5O3,435.5188,435.2270398,435.526,3.79,8,2
DB05676,Apremilast,CCOC1=CC(=CC=C1OC)[C@@H](CS(C)(=O)=O)N1C(=O)C2=CC=CC(NC(C)=O)=C2C1=O,C22H24N2O7S,460.5,460.1304223,460.506,1.3449,9,1
DB00881,Quinapril,CCOC(=O)[C@H](CCC1=CC=CC=C1)N[C@@H](C)C(=O)N1CC2=CC=CC=C2C[C@H]1C(O)=O,C25H30N2O5,438.5161,438.2154721,438.522,0.6984,7,2
DB00398,Sorafenib,CNC(=O)C1=NC=CC(OC2=CC=C(NC(=O)NC3=CC(=C(Cl)C=C3)C(F)(F)F)C=C2)=C1,C21H16ClF3N4O3,464.825,464.0863027,464.83,4.1428,7,3
DB00293,Raltitrexed,CN(CC1=CC2=C(NC(C)=NC2=O)C=C1)C1=CC=C(S1)C(=O)N[C@@H](CCC(O)=O)C(O)=O,C21H22N4O6S,458.488,458.1260051,458.494,0.5458,10,4
DB08899,Enzalutamide,CNC(=O)C1=C(F)C=C(C=C1)N1C(=S)N(C(=O)C1(C)C)C1=CC=C(C#N)C(=C1)C(F)(F)F,C21H16F4N4O2S,464.436,464.0930093,464.442,3.5872,6,1
DB11799,Bictegravir,OC1=C2N(C[C@H]3O[C@@H]4CC[C@@H](C4)N3C2=O)C=C(C(=O)NCC2=C(F)C=C(F)C=C2F)C1=O,C21H18F3N3O5,449.386,449.1198552,449.384,0.2531,8,2
DB08867,Ulipristal,CN(C)C1=CC=C(C=C1)[C@H]1C[C@@]2(C)[C@@H](CC[C@]2(O)C(C)=O)[C@@H]2CCC3=CC(=O)CCC3=C12,C28H35NO3,433.592,433.261694,433.59,4.5713,4,1
DB11921,Deflazacort,[H][C@@]12C[C@@]3([H])[C@]4([H])CCC5=CC(=O)C=C[C@]5(C)[C@@]4([H])[C@@]([H])(O)C[C@]3(C)[C@@]1(N=C(C)O2)C(=O)COC(C)=O,C25H31NO6,441.524,441.2151377,441.522,1.2218,7,1
DB09076,Umeclidinium,OC(C1=CC=CC=C1)(C1=CC=CC=C1)C12CC[N+](CCOCC3=CC=CC=C3)(CC1)CC2,C29H34NO2,428.595,428.2584058,428.594,1.4102,2,1
DB12523,Mizolastine,CN(C1CCN(CC1)C1=NC2=C(C=CC=C2)N1CC1=CC=C(F)C=C1)C1=NC=CC(=O)N1,C24H25FN6O,432.503,432.2073876,432.502,2.6419,7,1
DB01029,Irbesartan,CCCCC1=NC2(CCCC2)C(=O)N1CC1=CC=C(C=C1)C1=CC=CC=C1C1=NNN=N1,C25H28N6O,428.5294,428.2324595,428.538,4.0191,7,1
DB15031,Daridorexant,COC1=CC(C(=O)N2CCC[C@@]2(C)C2=NC3=C(N2)C=CC(Cl)=C3C)=C(C=C1)N1N=CC=N1,C23H23ClN6O2,450.93,450.1571017,450.929,3.6706,8,1
DB09034,Suvorexant,[H][C@@]1(C)CCN(CCN1C(=O)C1=C(C=CC(C)=C1)N1N=CC=N1)C1=NC2=C(O1)C=CC(Cl)=C2,C23H23ClN6O2,450.93,450.1571017,450.929,4.1733,8,0
DB00496,Darifenacin,NC(=O)C([C@@H]1CCN(CCC2=CC3=C(OCC3)C=C2)C1)(C1=CC=CC=C1)C1=CC=CC=C1,C28H30N2O2,426.55,426.2307282,426.558,3.9043,4,1
DB16236,Mitapivat,O=C(N1CCN(CC2CC2)CC1)C1=CC=C(NS(=O)(=O)C2=CC=CC3=C2N=CC=C3)C=C1,C24H26N4O3S,450.56,450.1725619,450.561,2.7828,7,1
DB09074,Olaparib,FC1=CC=C(CC2=NNC(=O)C3=CC=CC=C23)C=C1C(=O)N1CCN(CC1)C(=O)C1CC1,C24H23FN4O3,434.4628,434.1754188,434.47,3.1669,7,1
DB12877,Oxatomide,O=C1NC2=C(C=CC=C2)N1CCCN1CCN(CC1)C(C1=CC=CC=C1)C1=CC=CC=C1,C27H30N4O,426.564,426.2419616,426.562,4.2761,5,1
DB11730,Ribociclib,CN(C)C(=O)C1=CC2=CN=C(NC3=CC=C(C=N3)N3CCNCC3)N=C2N1C1CCCC1,C23H30N8O,434.548,434.2542576,434.546,2.5885,9,2
DB08973,Fluclorolone acetonide,[H][C@@]12C[C@@]3([H])[C@]4([H])C[C@H](F)C5=CC(=O)C=C[C@]5(C)[C@@]4(Cl)[C@@H](Cl)C[C@]3(C)[C@@]1(OC(C)(C)O2)C(=O)CO,C24H29Cl2FO5,487.39,486.1376076,487.393,3.0139,5,1
DB00591,Fluocinolone acetonide,[H][C@@]12C[C@@]3([H])[C@]4([H])C[C@H](F)C5=CC(=O)C=C[C@]5(C)[C@@]4(F)[C@@H](O)C[C@]3(C)[C@@]1(OC(C)(C)O2)C(=O)CO,C24H30F2O6,452.4882,452.2010451,452.492,1.181,6,2
DB09054,Idelalisib,[H][C@@](CC)(NC1=NC=NC2=C1N=CN2)C1=NC2=CC=CC(F)=C2C(=O)N1C1=CC=CC=C1,C22H18FN7O,415.432,415.1556864,415.431,2.858,8,2
DB00699,Nicergoline,[H][C@@]12CC3=CN(C)C4=CC=CC(=C34)[C@]1(C[C@@H](COC(=O)C1=CN=CC(Br)=C1)CN2C)OC,C24H26BrN3O3,484.386,483.1157544,484.392,3.3973,6,0
DB01030,Topotecan,CC[C@@]1(O)C(=O)OCC2=C1C=C1N(CC3=CC4=C(C=CC(O)=C4CN(C)C)N=C13)C2=O,C23H23N3O5,421.4458,421.1637709,421.452,0.461,8,2
DB09128,Brexpiprazole,O=C1NC2=CC(OCCCCN3CCN(CC3)C3=C4C=CSC4=CC=C3)=CC=C2C=C1,C25H27N3O2S,433.57,433.1823983,433.574,3.8983,5,1
DB11791,Capmatinib,CNC(=O)C1=C(F)C=C(C=C1)C1=NN2C(CC3=CC4=C(C=C3)N=CC=C4)=CN=C2N=C1,C23H17FN6O,412.428,412.1447874,412.427,2.2964,7,1
DB14723,Larotrectinib,O[C@H]1CCN(C1)C(=O)NC1=C2N=C(C=CN2N=C1)N1CCC[C@@H]1C1=C(F)C=CC(F)=C1,C21H22F2N6O2,428.444,428.1772303,428.442,1.7606,8,2
DB01267,Paliperidone,CC1=C(CCN2CCC(CC2)C2=NOC3=C2C=CC(F)=C3)C(=O)N2CCCC(O)C2=N1,C23H27FN4O3,426.4839,426.206719,426.49,2.6847,7,1
DB06144,Sertindole,FC1=CC=C(C=C1)N1C=C(C2CCN(CCN3CCNC3=O)CC2)C2=C1C=CC(Cl)=C2,C24H26ClFN4O,440.941,440.1779174,440.948,4.4892,5,1
DB06786,Halcinonide,[H][C@@]12C[C@H]3OC(C)(C)O[C@@]3(C(=O)CCl)[C@@]1(C)C[C@H](O)[C@@]1(F)[C@@]2([H])CCC2=CC(=O)CC[C@]12C,C24H32ClFO5,454.96,454.19223,454.964,2.7634,5,1
DB00180,Flunisolide,[H][C@@]12C[C@@]3([H])[C@]4([H])C[C@H](F)C5=CC(=O)C=C[C@]5(C)[C@@]4([H])[C@@H](O)C[C@]3(C)[C@@]1(OC(C)(C)O2)C(=O)CO,C24H31FO6,434.4977,434.2104669,434.502,1.3033,6,2
DB00846,Flurandrenolide,CC1(C)O[C@@H]2C[C@H]3[C@@H]4C[C@H](F)C5=CC(=O)CC[C@]5(C)[C@H]4[C@@H](O)C[C@]3(C)[C@@]2(O1)C(=O)CO,C24H33FO6,436.5136,436.226117,436.518,1.5787,6,2
DB01222,Budesonide,[H][C@@]12C[C@H]3OC(CCC)O[C@@]3(C(=O)CO)[C@@]1(C)C[C@H](O)[C@@]1([H])[C@@]2([H])CCC2=CC(=O)C=C[C@]12C,C25H34O6,430.5339,430.2355388,430.539,2.0988,6,2
DB11942,Selinexor,FC(F)(F)C1=CC(=CC(=C1)C1=NN(\C=C/C(=O)NNC2=NC=CN=C2)C=N1)C(F)(F)F,C17H11F6N7O,443.313,443.092927,443.31,2.572,8,2
DB05316,Pimavanserin,CC(C)COC1=CC=C(CNC(=O)N(CC2=CC=C(F)C=C2)C2CCN(C)CC2)C=C1,C25H34FN3O2,427.564,427.2635055,427.562,4.0972,5,1
DB12645,Givinostat,CCN(CC)CC1=CC=C2C=C(COC(=O)NC3=CC=C(C=C3)C(=O)NO)C=CC2=C1,C24H27N3O4,421.497,421.2001564,421.495,3.5852,7,3
DB00243,Ranolazine,COC1=CC=CC=C1OCC(O)CN1CCN(CC(=O)NC2=C(C)C=CC=C2C)CC1,C24H33N3O4,427.5365,427.2471066,427.543,2.2106,7,2
DB01067,Glipizide,CC1=NC=C(N=C1)C(=O)NCCC1=CC=C(C=C1)S(=O)(=O)NC(=O)NC1CCCCC1,C21H27N5O4S,445.535,445.1783751,445.542,1.8635,9,3
DB00688,Mycophenolate mofetil,COC1=C(C\C=C(/C)CCC(=O)OCCN2CCOCC2)C(O)=C2C(=O)OCC2=C1C,C23H31NO7,433.4947,433.2100524,433.499,2.3937,8,1
DB09101,Elvitegravir,[H][C@@](CO)(C(C)C)N1C=C(C(O)=O)C(=O)C2=C1C=C(OC)C(CC1=C(F)C(Cl)=CC=C1)=C2,C23H23ClFNO5,447.884,447.1248788,447.889,3.3453,6,2
DB01348,Spirapril,CCOC(=O)[C@H](CCC1=CC=CC=C1)N[C@@H](C)C(=O)N1CC2(C[C@H]1C(O)=O)SCCS2,C22H30N2O5S2,466.614,466.1596135,466.621,0.4754,7,2
DB00542,Benazepril,[H][C@@]1(CCC2=CC=CC=C2N(CC(O)=O)C1=O)N[C@@H](CCC1=CC=CC=C1)C(=O)OCC,C24H28N2O5,424.4895,424.199822,424.495,0.8715,7,2
DB00519,Trandolapril,[H][C@@]12C[C@H](N(C(=O)[C@H](C)N[C@@H](CCC3=CC=CC=C3)C(=O)OCC)[C@@]1([H])CCCC2)C(O)=O,C24H34N2O5,430.5372,430.2467722,430.543,0.9603,7,2
DB12016,Ponesimod,CCC\N=C1/S\C(=C/C2=CC=C(OC[C@H](O)CO)C(Cl)=C2)C(=O)N1C1=CC=CC=C1C,C23H25ClN2O4S,460.97,460.1223562,460.981,4.0167,6,2
DB06274,Alvimopan,C[C@H]1CN(C[C@H](CC2=CC=CC=C2)C(=O)NCC(O)=O)CC[C@@]1(C)C1=CC(O)=CC=C1,C25H32N2O4,424.5326,424.2362075,424.539,1.8392,6,3
DB06589,Pazopanib,CN(C1=CC2=NN(C)C(C)=C2C=C1)C1=CC=NC(NC2=CC=C(C)C(=C2)S(N)(=O)=O)=N1,C21H23N7O2S,437.518,437.1633937,437.527,1.7881,9,2
DB12597,Asciminib,O[C@@H]1CCN(C1)C1=C(C=C(C=N1)C(=O)NC1=CC=C(OC(F)(F)Cl)C=C1)C1=CC=NN1,C20H18ClF2N5O3,449.84,449.1066235,449.844,3.7985,8,3
DB11633,Isavuconazole,C[C@@H](C1=NC(=CS1)C1=CC=C(C=C1)C#N)[C@](O)(CN1C=NC=N1)C1=C(F)C=CC(F)=C1,C22H17F2N5OS,437.47,437.1121877,437.473,3.2994,6,1
DB00197,Troglitazone,CC1=C(C)C2=C(CCC(C)(COC3=CC=C(CC4SC(=O)NC4=O)C=C3)O2)C(C)=C1O,C24H27NO5S,441.54,441.1609937,441.546,4.3852,6,2
DB08860,Pitavastatin,O[C@H](C[C@H](O)\C=C\C1=C(C2=CC=C(F)C=C2)C2=CC=CC=C2N=C1C1CC1)CC(O)=O,C25H24FNO4,421.4608,421.1689365,421.467,4.4887,5,3
DB15149,Futibatinib,COC1=CC(=CC(OC)=C1)C#CC1=NN([C@H]2CCN(C2)C(=O)C=C)C2=C1C(N)=NC=N2,C22H22N6O3,418.457,418.1753386,418.456,2.3034,9,1
DB11763,Momelotinib,O=C(NCC#N)C1=CC=C(C=C1)C1=CC=NC(NC2=CC=C(C=C2)N2CCOCC2)=N1,C23H22N6O2,414.469,414.180424,414.468,2.5062,8,2
DB01106,Levocabastine,C[C@@H]1CN(CC[C@]1(C(O)=O)C1=CC=CC=C1)[C@H]1CC[C@](CC1)(C#N)C1=CC=C(F)C=C1,C26H29FN2O2,420.528,420.2213063,420.526,2.9988,4,1
DB05467,Palovarotene,CC1(C)CCC(C)(C)C2=C1C=C(CN1C=CC=N1)C(\C=C\C1=CC=C(C=C1)C(O)=O)=C2,C27H30N2O2,414.549,414.2307282,414.547,4.8303,4,1
DB04946,Iloperidone,COC1=C(OCCCN2CCC(CC2)C2=NOC3=C2C=CC(F)=C3)C=CC(=C1)C(C)=O,C24H27FN2O4,426.4806,426.1954856,426.486,4.3044,6,0
DB16200,Iptacopan,CCO[C@H]1CCN(CC2=C(OC)C=C(C)C3=C2C=CN3)[C@@H](C1)C1=CC=C(C=C1)C(O)=O,C25H30N2O4,422.525,422.2205575,422.523,2.7857,6,2
DB00317,Gefitinib,COC1=C(OCCCN2CCOCC2)C=C2C(NC3=CC(Cl)=C(F)C=C3)=NC=NC2=C1,C22H24ClFN4O3,446.902,446.1520966,446.909,3.9851,7,1
DB08931,Riociguat,COC(=O)N(C)C1=C(N)N=C(N=C1N)C1=NN(CC2=C(F)C=CC=C2)C2=C1C=CC=N2,C20H19FN8O2,422.4157,422.1615001,422.423,1.4544,10,2
DB15456,Vericiguat,COC(=O)NC1=C(N)N=C(N=C1N)C1=NN(CC2=CC=CC=C2F)C2=C1C=C(F)C=N2,C19H16F2N8O2,426.388,426.1364281,426.386,1.3058,10,3
DB09038,Empagliflozin,OC[C@H]1O[C@H]([C@H](O)[C@@H](O)[C@@H]1O)C1=CC=C(Cl)C(CC2=CC=C(O[C@H]3CCOC3)C=C2)=C1,C23H27ClO7,450.91,450.1445309,450.913,1.6475,7,4
DB08907,Canagliflozin,[H][C@]1(O[C@H](CO)[C@@H](O)[C@H](O)[C@H]1O)C1=CC=C(C)C(CC2=CC=C(S2)C2=CC=C(F)C=C2)=C1,C24H25FO5S,444.516,444.1406728,444.522,3.2714,5,4
DB14657,Paramethasone acetate,[H][C@@]12C[C@@H](C)[C@](O)(C(=O)COC(C)=O)[C@@]1(C)C[C@H](O)[C@@]1([H])[C@@]2([H])C[C@H](F)C2=CC(=O)C=C[C@]12C,C24H31FO6,434.504,434.2104669,434.502,1.7443,6,2
DB14649,Dexamethasone acetate,[H][C@@]12C[C@@H](C)[C@](O)(C(=O)COC(C)=O)[C@@]1(C)C[C@H](O)[C@@]1(F)[C@@]2([H])CCC2=CC(=O)C=C[C@]12C,C24H31FO6,434.4977,434.2104669,434.502,1.773,6,2
DB14540,Hydrocortisone butyrate,[H][C@@]12CC[C@](OC(=O)CCC)(C(=O)CO)[C@@]1(C)C[C@H](O)[C@@]1([H])[C@@]2([H])CCC2=CC(=O)CC[C@]12C,C25H36O6,432.557,432.2511889,432.555,2.8102,6,2
DB05013,Ingenol mebutate,[H][C@@]12C[C@@H](C)[C@]34C=C(C)[C@H](OC(=O)C(\C)=C/C)[C@@]3(O)[C@H](O)C(CO)=C[C@@]([H])(C4=O)[C@]1([H])C2(C)C,C25H34O6,430.541,430.2355388,430.539,2.661,6,3
DB12554,Mebeverine,CCN(CCCCOC(=O)C1=CC(OC)=C(OC)C=C1)C(C)CC1=CC=C(OC)C=C1,C25H35NO5,429.557,429.2515232,429.555,4.585,6,0
DB11748,Benfotiamine,C\C(N(CC1=CN=C(C)N=C1N)C=O)=C(/CCOP(O)(O)=O)SC(=O)C1=CC=CC=C1,C19H23N4O6PS,466.45,466.1075926,466.454,-1.3257,10,3
DB09292,Sacubitril,CCOC(=O)[C@H](C)C[C@@H](CC1=CC=C(C=C1)C1=CC=CC=C1)NC(=O)CCC(O)=O,C24H29NO5,411.498,411.204573,411.496,3.8388,6,2
DB04920,Clevidipine,CCCC(=O)OCOC(=O)C1=C(C)NC(C)=C(C1C1=CC=CC(Cl)=C1Cl)C(=O)OC,C21H23Cl2NO6,456.316,455.0902429,456.321,4.5801,7,1
DB11125,Benzethonium,CC(C)(C)CC(C)(C)C1=CC=C(OCCOCC[N+](C)(C)CC2=CC=CC=C2)C=C1,C27H42NO2,412.637,412.321006,412.635,2.952,2,0
DB00905,Bimatoprost,CCNC(=O)CCC\C=C/C[C@H]1[C@@H](O)C[C@@H](O)[C@@H]1\C=C\[C@@H](O)CCC1=CC=CC=C1,C25H37NO4,415.5656,415.2722587,415.572,4.0878,5,4
DB00938,Salmeterol,OCC1=C(O)C=CC(=C1)C(O)CNCCCCCCOCCCCC1=CC=CC=C1,C25H37NO4,415.5656,415.2722587,415.572,3.9151,5,4
DB01223,Aminophylline,NCCN.CN1C2=C(NC=N2)C(=O)N(C)C1=O.CN1C2=C(NC=N2)C(=O)N(C)C1=O,C16H24N10O4,420.4264,420.1981993,420.433,-0.3112,6,1
DB00393,Nimodipine,COCCOC(=O)C1=C(C)NC(C)=C(C1C1=CC(=CC=C1)[N+]([O-])=O)C(=O)OC(C)C,C21H26N2O7,418.4403,418.1740012,418.444,2.2272,8,1
DB00775,Tirofiban,CCCCS(=O)(=O)N[C@@H](CC1=CC=C(OCCCCC2CCNCC2)C=C1)C(O)=O,C22H36N2O5S,440.597,440.234493,440.603,1.5443,7,3
DB00175,Pravastatin,[H][C@]12[C@H](C[C@H](O)C=C1C=C[C@H](C)[C@@H]2CC[C@@H](O)C[C@@H](O)CC(O)=O)OC(=O)[C@@H](C)CC,C23H36O7,424.5277,424.2461035,424.532,2.4541,7,4
DB12390,Seladelpar,CCO[C@H](COC1=CC=C(C=C1)C(F)(F)F)CSC1=CC=C(OCC(O)=O)C(C)=C1,C21H23F3O5S,444.47,444.1218295,444.469,4.1715,5,1
DB15305,Risdiplam,CC1=CN2N=C(C=C(C)C2=N1)C1=CC(=O)N2C=C(C=CC2=N1)N1CCNC2(CC2)C1,C22H23N7O,401.474,401.1964084,401.473,-0.0851,8,1
DB15465,Benzhydrocodone,[H][C@@]12OC3=C(OC)C=CC4=C3[C@@]11CCN(C)[C@]([H])(C4)[C@]1([H])CC=C2OC(=O)C1=CC=CC=C1,C25H25NO4,403.478,403.1783583,403.477,3.8131,5,0
DB00700,Eplerenone,[H][C@@]12CC[C@@]3(CCC(=O)O3)[C@@]1(C)C[C@H]1O[C@@]11[C@@]2([H])[C@@H](CC2=CC(=O)CC[C@]12C)C(=O)OC,C24H30O6,414.4914,414.2042387,414.496,1.9314,6,0
DB00301,Flucloxacillin,[H][C@]12SC(C)(C)[C@@H](N1C(=O)[C@H]2NC(=O)C1=C(C)ON=C1C1=C(Cl)C=CC=C1F)C(O)=O,C19H17ClFN3O5S,453.872,453.0561473,453.877,2.8046,8,2
DB00485,Dicloxacillin,[H][C@]12SC(C)(C)[C@@H](N1C(=O)[C@H]2NC(=O)C1=C(C)ON=C1C1=C(Cl)C=CC=C1Cl)C(O)=O,C19H17Cl2N3O5S,470.326,469.0265968,470.332,3.3098,8,2
DB08930,Dolutegravir,[H][C@]12CN3C=C(C(=O)NCC4=CC=C(F)C=C4F)C(=O)C(O)=C3C(=O)N1[C@H](C)CCO2,C20H19F2N3O5,419.3788,419.1292771,419.383,0.1208,8,2
DB00623,Fluphenazine,OCCN1CCN(CCCN2C3=CC=CC=C3SC3=C2C=C(C=C3)C(F)(F)F)CC1,C22H26F3N3OS,437.522,437.1748678,437.528,4.4072,4,1
DB01623,Thiothixene,CN(C)S(=O)(=O)C1=CC2=C(SC3=CC=CC=C3\C2=C\CCN2CCN(C)CC2)C=C1,C23H29N3O2S2,443.625,443.1701186,443.634,3.8126,5,0
DB01238,Aripiprazole,ClC1=CC=CC(N2CCN(CCCCOC3=CC4=C(CCC(=O)N4)C=C3)CC2)=C1Cl,C23H27Cl2N3O2,448.385,447.1480325,448.392,4.4351,5,1
DB00680,Moricizine,CCOC(=O)NC1=CC2=C(SC3=CC=CC=C3N2C(=O)CCN2CCOCC2)C=C1,C22H25N3O4S,427.517,427.156577,427.524,3.9335,7,1
DB08865,Crizotinib,[H][C@](C)(OC1=CC(=CN=C1N)C1=CN(N=C1)C1CCNCC1)C1=C(Cl)C=CC(F)=C1Cl,C21H22Cl2FN5O,450.337,449.118544,450.344,3.5382,6,2
DB00973,Ezetimibe,[H][C@]1(CC[C@H](O)C2=CC=C(F)C=C2)C(=O)N(C2=CC=C(F)C=C2)[C@]1([H])C1=CC=C(O)C=C1,C24H21F2NO3,409.4252,409.14895,409.431,4.1644,4,2
DB14627,Oxyphenisatin acetate,CC(=O)OC1=CC=C(C=C1)C1(C(=O)NC2=CC=CC=C12)C1=CC=C(OC(C)=O)C=C1,C24H19NO5,401.418,401.1263227,401.417,3.3235,6,1
DB00678,Losartan,CCCCC1=NC(Cl)=C(CO)N1CC1=CC=C(C=C1)C1=CC=CC=C1C1=NNN=N1,C22H23ClN6O,422.911,422.1621871,422.919,3.9536,7,2
DB12130,Lorlatinib,C[C@H]1OC2=C(N)N=CC(=C2)C2=C(C#N)N(C)N=C2CN(C)C(=O)C2=C1C=C(F)C=C2,C21H19FN6O2,406.421,406.155352,406.42,1.1973,8,1
DB12218,Capivasertib,NC1(CCN(CC1)C1=C2C=CNC2=NC=N1)C(=O)N[C@@H](CCO)C1=CC=C(Cl)C=C1,C21H25ClN6O2,428.915,428.1727518,428.923,1.1671,8,4
DB00875,Flupentixol,[H]\C(CCN1CCN(CCO)CC1)=C1/C2=CC=CC=C2SC2=C1C=C(C=C2)C(F)(F)F,C23H25F3N2OS,434.52,434.1639691,434.525,4.9219,3,1
DB01136,Carvedilol,COC1=CC=CC=C1OCCNCC(O)COC1=CC=CC2=C1C1=CC=CC=C1N2,C24H26N2O4,406.4742,406.1892573,406.48,3.1668,6,3
DB12612,Ozanimod,CC(C)OC1=C(C=C(C=C1)C1=NC(=NO1)C1=C2CC[C@H](NCCO)C2=CC=C1)C#N,C23H24N4O3,404.47,404.1848406,404.469,3.2855,7,2
DB06155,Rimonabant,CC1=C(N(N=C1C(=O)NN1CCCCC1)C1=C(Cl)C=C(Cl)C=C1)C1=CC=C(Cl)C=C1,C22H21Cl3N4O,463.787,462.0780944,463.795,4.2064,5,1
DB11951,Lemborexant,CC1=NC=C(OC[C@]2(C[C@H]2C(=O)NC2=NC=C(F)C=C2)C2=CC=CC(F)=C2)C(C)=N1,C22H20F2N4O2,410.425,410.1554322,410.423,2.8367,6,1
DB05294,Vandetanib,COC1=C(OCC2CCN(C)CC2)C=C2N=CN=C(NC3=C(F)C=C(Br)C=C3)C2=C1,C22H24BrFN4O2,475.354,474.1066669,475.361,4.6769,6,1
DB09078,Lenvatinib,COC1=C(C=C2C(OC3=CC=C(NC(=O)NC4CC4)C(Cl)=C3)=CC=NC2=C1)C(N)=O,C21H19ClN4O4,426.86,426.1094828,426.859,2.9569,8,3
DB11943,Delafloxacin,NC1=NC(N2C=C(C(O)=O)C(=O)C3=CC(F)=C(N4CC(O)C4)C(Cl)=C23)=C(F)C=C1F,C18H12ClF3N4O4,440.76,440.0499171,440.764,1.257,8,3
DB11827,Ertugliflozin,CCOC1=CC=C(CC2=CC(=CC=C2Cl)[C@]23OC[C@](CO)(O2)[C@@H](O)[C@H](O)[C@H]3O)C=C1,C22H25ClO7,436.89,436.1288808,436.886,1.6887,7,4
DB13867,Fluticasone,[H][C@@]12C[C@@H](C)[C@](O)(C(=O)SCF)[C@@]1(C)C[C@H](O)[C@@]1(F)[C@@]2([H])C[C@H](F)C2=CC(=O)C=C[C@]12C,C22H27F3O4S,444.51,444.158215,444.512,1.7937,4,2
DB05990,Obeticholic acid,[H][C@@]1(CC[C@@]2([H])[C@]3([H])[C@H](O)[C@H](CC)[C@]4([H])C[C@H](O)CC[C@]4(C)[C@@]3([H])CC[C@]12C)[C@H](C)CCC(O)=O,C26H44O4,420.6252,420.3239599,420.631,4.7552,4,3
DB14542,Hydrocortisone phosphate,[H][C@@]12CC[C@](O)(C(=O)COP(O)(O)=O)[C@@]1(C)C[C@H](O)[C@@]1([H])[C@@]2([H])CCC2=CC(=O)CC[C@]12C,C21H31O8P,442.445,442.175655,442.443,-1.827,8,4
DB14631,Prednisolone phosphate,[H][C@@]12CC[C@](O)(C(=O)COP(O)(O)=O)[C@@]1(C)C[C@H](O)[C@@]1([H])[C@@]2([H])CCC2=CC(=O)C=C[C@]12C,C21H29O8P,440.429,440.1600049,440.427,-2.1024,8,4
DB13520,Metergoline,[H][C@@]12CC3=CN(C)C4=CC=CC(=C34)[C@@]1([H])C[C@@H](CNC(=O)OCC1=CC=CC=C1)CN2C,C25H29N3O2,403.526,403.2259772,403.524,3.9608,5,1
DB15490,Zuranolone,[H][C@@]1(CC[C@@]2([H])[C@]3([H])CC[C@]4([H])C[C@](C)(O)CC[C@]4([H])[C@@]3([H])CC[C@]12C)C(=O)CN1C=C(C=N1)C#N,C25H35N3O2,409.574,409.2729274,409.572,2.7826,5,1
DB14845,Filgotinib,O=C(NC1=NN2C(C=CC=C2C2=CC=C(CN3CCS(=O)(=O)CC3)C=C2)=N1)C1CC1,C21H23N5O3S,425.51,425.1521608,425.512,1.0483,8,1
DB01184,Domperidone,ClC1=CC2=C(C=C1)N(C1CCN(CCCN3C(=O)NC4=CC=CC=C34)CC1)C(=O)N2,C22H24ClN5O2,425.911,425.1618527,425.919,3.2161,7,2
DB06174,Noscapine,[H][C@@]1(OC(=O)C2=C1C=CC(OC)=C2OC)[C@]1([H])N(C)CCC2=CC3=C(OCO3)C(OC)=C12,C22H23NO7,413.4205,413.1474521,413.425,2.6849,8,0
DB11952,Duvelisib,C[C@H](NC1=C2N=CNC2=NC=N1)C1=CC2=CC=CC(Cl)=C2C(=O)N1C1=CC=CC=C1,C22H17ClN6O,416.87,416.1152369,416.871,3.9288,7,2
DB00685,Trovafloxacin,[H][C@@]12CN(C[C@]1([H])[C@H]2N)C1=NC2=C(C=C1F)C(=O)C(=CN2C1=C(F)C=C(F)C=C1)C(O)=O,C20H15F3N4O3,416.36,416.1096248,416.358,-0.5509,7,2
DB00734,Risperidone,CC1=C(CCN2CCC(CC2)C2=NOC3=C2C=CC(F)=C3)C(=O)N2CCCCC2=N1,C23H27FN4O2,410.4845,410.2118043,410.491,3.5368,6,0
DB01260,Desonide,[H][C@@]12C[C@H]3OC(C)(C)O[C@@]3(C(=O)CO)[C@@]1(C)C[C@H](O)[C@@]1([H])[C@@]2([H])CCC2=CC(=O)C=C[C@]12C,C24H32O6,416.5073,416.2198888,416.512,1.4543,6,2
DB01179,Podofilox,[H][C@]12COC(=O)[C@]1([H])[C@H](C1=CC(OC)=C(OC)C(OC)=C1)C1=CC3=C(OCO3)C=C1[C@@H]2O,C22H22O8,414.4053,414.1314677,414.409,1.7928,8,1
DB01605,Pivmecillinam,[H]C(=N[C@@H]1C(=O)N2[C@@H](C(=O)OCOC(=O)C(C)(C)C)C(C)(C)S[C@]12[H])N1CCCCCC1,C21H33N3O5S,439.569,439.2140919,439.575,3.2427,8,0
DB01340,Cilazapril,CCOC(=O)[C@H](CCC1=CC=CC=C1)N[C@H]1CCCN2CCC[C@H](N2C1=O)C(O)=O,C22H31N3O5,417.4986,417.2263711,417.504,-1.4041,8,2
DB12015,Alpelisib,CC1=C(SC(NC(=O)N2CCC[C@H]2C(N)=O)=N1)C1=CC(=NC=C1)C(C)(C)C(F)(F)F,C19H22F3N5O2S,441.47,441.1446303,441.477,3.8412,7,2
DB16335,Sulopenem etzadroxil,[H][C@]12SC(S[C@H]3CC[S@@+]([O-])C3)=C(N1C(=O)[C@]2([H])[C@@H](C)O)C(=O)OCOC(=O)C(CC)CC,C19H27NO7S3,477.61,477.0949657,477.621,2.3865,8,1
DB01095,Fluvastatin,CC(C)N1C(\C=C\C(O)CC(O)CC(O)=O)=C(C2=CC=CC=C12)C1=CC=C(F)C=C1,C24H26FNO4,411.473,411.1845865,411.471,3.9775,5,3
DB00802,Alfentanil,CCN1N=NN(CCN2CCC(COC)(CC2)N(C(=O)CC)C2=CC=CC=C2)C1=O,C21H32N6O3,416.5172,416.2535889,416.524,2.1214,9,0
DB00178,Ramipril,[H][C@@]12CCC[C@]1([H])N([C@@H](C2)C(O)=O)C(=O)[C@H](C)N[C@@H](CCC1=CC=CC=C1)C(=O)OCC,C23H32N2O5,416.5106,416.2311221,416.516,0.6183,7,2
DB00876,Eprosartan,CCCCC1=NC=C(\C=C(/CC2=CC=CS2)C(O)=O)N1CC1=CC=C(C=C1)C(O)=O,C23H24N2O4S,424.513,424.145678,424.52,3.9658,6,2
DB11915,Valbenazine,COC1=C(OC)C=C2[C@H]3C[C@@H](OC(=O)[C@@H](N)C(C)C)[C@H](CC(C)C)CN3CCC2=C1,C24H38N2O4,418.578,418.2831577,418.576,3.356,6,1
DB00641,Simvastatin,[H][C@]12[C@H](C[C@@H](C)C=C1C=C[C@H](C)[C@@H]2CC[C@@H]1C[C@@H](O)CC(=O)O1)OC(=O)C(C)(C)CC,C25H38O5,418.5662,418.2719243,418.572,4.4608,5,1
DB00530,Erlotinib,COCCOC1=CC2=C(C=C1OCCOC)C(NC1=CC(=CC=C1)C#C)=NC=N2,C22H23N3O4,393.4357,393.1688562,393.442,3.0713,7,1
DB12301,Doravirine,CN1C(=O)NN=C1CN1C=CC(=C(OC2=CC(=CC(Cl)=C2)C#N)C1=O)C(F)(F)F,C17H11ClF3N5O3,425.749,425.0502516,425.753,1.987,8,1
DB12161,Deutetrabenazine,[2H]C([2H])([2H])OC1=CC2=C(C=C1OC([2H])([2H])[2H])[C@@H]1CC(=O)[C@@H](CC(C)C)CN1CC2,C19H27NO3,323.466,323.2367542,323.464,3.3076,4,0
DB00539,Toremifene,CN(C)CCOC1=CC=C(C=C1)C(=C(\CCCl)C1=CC=CC=C1)\C1=CC=CC=C1,C26H28ClNO,405.96,405.1859422,405.967,4.9492,2,0
DB13783,Acemetacin,COC1=CC2=C(C=C1)N(C(=O)C1=CC=C(Cl)C=C1)C(C)=C2CC(=O)OCC(O)=O,C21H18ClNO6,415.83,415.082265,415.828,3.5607,7,1
DB01394,Colchicine,COC1=CC2=C(C(OC)=C1OC)C1=CC=C(OC)C(=O)C=C1[C@H](CC2)NC(C)=O,C22H25NO6,399.443,399.1681875,399.442,1.863,7,1
DB13166,Zofenopril,C[C@H](CSC(=O)C1=CC=CC=C1)C(=O)N1C[C@H](C[C@H]1C(O)=O)SC1=CC=CC=C1,C22H23NO4S2,429.55,429.1068506,429.56,3.168,5,1
DB09268,Picosulfuric acid,OS(=O)(=O)OC1=CC=C(C=C1)C(C1=CC=C(OS(O)(=O)=O)C=C1)C1=CC=CC=N1,C18H15NO8S2,437.44,437.0239088,437.448,-0.5134,9,2
DB12914,Resmetirom,CC(C)C1=CC(OC2=C(Cl)C=C(C=C2Cl)N2N=C(C#N)C(=O)NC2=O)=NNC1=O,C17H12Cl2N6O4,435.22,434.0297083,435.226,1.9435,10,2
DB08820,Ivacaftor,CC(C)(C)C1=CC(=C(O)C=C1NC(=O)C1=CNC2=CC=CC=C2C1=O)C(C)(C)C,C24H28N2O3,392.4907,392.2099928,392.497,4.5032,5,3
DB08976,Floctafenine,OCC(O)COC(=O)C1=CC=CC=C1NC1=CC=NC2=C(C=CC=C12)C(F)(F)F,C20H17F3N2O4,406.3552,406.1140417,406.359,3.1795,6,3
DB00343,Diltiazem,COC1=CC=C(C=C1)[C@@H]1SC2=C(C=CC=C2)N(CCN(C)C)C(=O)[C@@H]1OC(C)=O,C22H26N2O4S,414.518,414.161328,414.524,2.4906,6,0
DB09039,Eliglustat,CCCCCCCC(=O)N[C@H](CN1CCCC1)[C@H](O)C1=CC=C2OCCOC2=C1,C23H36N2O4,404.551,404.2675076,404.549,3.5817,6,2
DB11279,Brilliant green cation,CCN(CC)C1=CC=C(C=C1)C(C1=CC=CC=C1)=C1C=CC(C=C1)=[N+](CC)CC,C27H33N2,385.574,385.2638255,385.573,2.428,1,0
DB01268,Sunitinib,CCN(CC)CCNC(=O)C1=C(C)NC(\C=C2/C(=O)NC3=C2C=C(F)C=C3)=C1C,C22H27FN4O2,398.4738,398.2118043,398.48,1.836,6,3
DB00227,Lovastatin,[H][C@]12[C@H](C[C@@H](C)C=C1C=C[C@H](C)[C@@H]2CC[C@@H]1C[C@@H](O)CC(=O)O1)OC(=O)[C@@H](C)CC,C24H36O5,404.5396,404.2562743,404.545,3.895,5,1
DB00204,Dofetilide,CN(CCOC1=CC=C(NS(C)(=O)=O)C=C1)CCC1=CC=C(NS(C)(=O)=O)C=C1,C19H27N3O5S2,441.565,441.1392124,441.571,1.235,8,2
DB00722,Lisinopril,NCCCC[C@H](N[C@@H](CCC1=CC=CC=C1)C(O)=O)C(=O)N1CCC[C@H]1C(O)=O,C21H31N3O5,405.4879,405.2263711,405.493,-2.5468,8,4
DB01128,Bicalutamide,CC(O)(CS(=O)(=O)C1=CC=C(F)C=C1)C(=O)NC1=CC(=C(C=C1)C#N)C(F)(F)F,C18H14F4N2O4S,430.373,430.0610405,430.377,2.1426,6,2
DB11110,Magnesium citrate,[Mg++].[Mg++].[Mg++].OC(CC([O-])=O)(CC([O-])=O)C([O-])=O.OC(CC([O-])=O)(CC([O-])=O)C([O-])=O,C12H10Mg3O14,451.113,449.9621801,451.112,-2.1297,7,4
DB11093,Calcium citrate,[Ca++].[Ca++].[Ca++].OC(CC([O-])=O)(CC([O-])=O)C([O-])=O.OC(CC([O-])=O)(CC([O-])=O)C([O-])=O,C12H10Ca3O14,498.432,497.8948277,498.431,-2.1297,7,4
DB06077,Lumateperone,[H][C@]12CCN(CCCC(=O)C3=CC=C(F)C=C3)C[C@@]1([H])C1=CC=CC3=C1N2CCN3C,C24H28FN3O,393.506,393.2216407,393.504,3.8098,4,0
DB00218,Moxifloxacin,[H][C@]12CN(C[C@@]1([H])NCCC2)C1=C(F)C=C2C(=O)C(=CN(C3CC3)C2=C1OC)C(O)=O,C21H24FN3O4,401.4314,401.1750845,401.437,-0.9536,7,2
DB09195,Lorpiprazole,[H][C@@]12CCC[C@]1([H])C1=NN=C(CCN3CCN(CC3)C3=CC=CC(=C3)C(F)(F)F)N1C2,C21H26F3N5,405.469,405.2140303,405.466,4.0265,5,0
DB00209,Trospium,[H][C@]12CC[C@]([H])(C[C@@H](C1)OC(=O)C(O)(C1=CC=CC=C1)C1=CC=CC=C1)[N+]21CCCC1,C25H30NO3,392.518,392.2220203,392.517,0.3127,3,1
DB19353,Benzgalantamine,[H][C@]12C[C@@H](OC(=O)C3=CC=CC=C3)C=C[C@]11CCN(C)CC3=CC=C(OC)C(O2)=C13,C24H25NO4,391.467,391.1783583,391.466,3.1185,5,0
DB09047,Finafloxacin,[H][C@]12CN(C[C@]1([H])OCCN2)C1=C(F)C=C2C(=O)C(=CN(C3CC3)C2=C1C#N)C(O)=O,C20H19FN4O4,398.394,398.1390333,398.393,-2.1566,8,2
DB00421,Spironolactone,[H][C@@]12CC[C@@]3(CCC(=O)O3)[C@@]1(C)CC[C@@]1([H])[C@@]2([H])[C@@]([H])(CC2=CC(=O)CC[C@]12C)SC(C)=O,C24H32O4S,416.573,416.2021302,416.58,3.2098,4,0
DB04839,Cyproterone acetate,[H][C@@]12C[C@]1([H])[C@@]1(C)C(=CC2=O)C(Cl)=C[C@@]2([H])[C@]3([H])CC[C@](OC(C)=O)(C(C)=O)[C@@]3(C)CC[C@]12[H],C24H29ClO4,416.938,416.1754371,416.943,3.7275,4,0
DB00820,Tadalafil,[H][C@]12CC3=C(NC4=CC=CC=C34)[C@H](N1C(=O)CN(C)C2=O)C1=CC2=C(OCO2)C=C1,C22H19N3O4,389.404,389.1375561,389.41,2.396,7,1
DB09209,Pholcodine,[H][C@@]12OC3=C(OCCN4CCOCC4)C=CC4=C3[C@@]11CCN(C)[C@]([H])(C4)[C@]1([H])C=C[C@@H]2O,C23H30N2O4,398.4953,398.2205575,398.501,1.2012,6,1
DB01147,Cloxacillin,[H][C@]12SC(C)(C)[C@@H](N1C(=O)[C@H]2NC(=O)C1=C(C)ON=C1C1=CC=CC=C1Cl)C(O)=O,C19H18ClN3O5S,435.881,435.0655691,435.887,2.7038,8,2
DB11751,Cabotegravir,[H][C@@]12CN3C=C(C(=O)NCC4=C(F)C=C(F)C=C4)C(=O)C(O)=C3C(=O)N1[C@@H](C)CO2,C19H17F2N3O5,405.358,405.113627,405.356,-0.2212,8,2
DB06228,Rivaroxaban,[H][C@]1(CNC(=O)C2=CC=C(Cl)S2)CN(C(=O)O1)C1=CC=C(C=C1)N1CCOCC1=O,C19H18ClN3O5S,435.881,435.0655691,435.887,1.9744,8,1
DB11679,Fruquintinib,CNC(=O)C1=C(C)OC2=CC(OC3=NC=NC4=CC(OC)=C(OC)C=C34)=CC=C12,C21H19N3O5,393.399,393.1324707,393.398,3.3086,8,1
DB13213,Butaperazine,CCCC(=O)C1=CC2=C(SC3=CC=CC=C3N2CCCN2CCN(C)CC2)C=C1,C24H31N3OS,409.59,409.2187838,409.596,4.8593,4,0
DB01063,Acetophenazine,CC(=O)C1=CC=C2SC3=C(C=CC=C3)N(CCCN3CCN(CCO)CC3)C2=C1,C23H29N3O2S,411.56,411.1980479,411.568,3.4301,5,1
DB06816,Pyrvinium,CN(C)C1=CC2=C(C=C1)[N+](C)=C(\C=C\C1=C(C)N(C(C)=C1)C1=CC=CC=C1)C=C2,C26H28N3,382.53,382.2277743,382.529,1.1901,2,0
DB15275,Inavolisib,C[C@H](NC1=CC=C2C3=NC(=CN3CCOC2=C1)N1[C@@H](COC1=O)C(F)F)C(N)=O,C18H19F2N5O4,407.378,407.1405104,407.376,1.0847,9,2
DB12978,Pexidartinib,FC(F)(F)C1=CC=C(CNC2=NC=C(CC3=CNC4=NC=C(Cl)C=C34)C=C2)C=N1,C20H15ClF3N5,417.82,417.0968077,417.821,3.7199,5,2
DB11629,Laropiprant,CS(=O)(=O)C1=C2N(CC3=CC=C(Cl)C=C3)C3=C(CC[C@@H]3CC(O)=O)C2=CC(F)=C1,C21H19ClFNO4S,435.89,435.0707351,435.902,3.624,5,1
DB04861,Nebivolol,OC(CNCC(O)C1CCC2=C(O1)C=CC(F)=C2)C1CCC2=C(O1)C=CC(F)=C2,C22H25F2NO4,405.435,405.1751647,405.44,2.6271,5,3
DB01148,Flavoxate,CC1=C(OC2=C(C=CC=C2C(=O)OCCN2CCCCC2)C1=O)C1=CC=CC=C1,C24H25NO4,391.4596,391.1783583,391.466,4.5588,5,0
DB01138,Sulfinpyrazone,O=C1C(CCS(=O)C2=CC=CC=C2)C(=O)N(N1C1=CC=CC=C1)C1=CC=CC=C1,C23H20N2O3S,404.482,404.1194632,404.489,2.9731,5,0
DB05039,Indacaterol,CCC1=C(CC)C=C2CC(CC2=C1)NC[C@H](O)C1=C2C=CC(=O)NC2=C(O)C=C1,C24H28N2O3,392.4907,392.2099928,392.497,2.8149,5,4
DB00607,Nafcillin,[H][C@]12SC(C)(C)[C@@H](N1C(=O)[C@H]2NC(=O)C1=C(OCC)C=CC2=CC=CC=C12)C(O)=O,C21H22N2O5S,414.475,414.1249425,414.481,3.0701,7,2
DB06268,Sitaxentan,CC1=NOC(NS(=O)(=O)C2=C(SC=C2)C(=O)CC2=CC3=C(OCO3)C=C2C)=C1Cl,C18H15ClN2O6S2,454.905,454.0060053,454.91,3.3593,8,1
DB06808,Piperacetazine,CC(=O)C1=CC2=C(SC3=CC=CC=C3N2CCCN2CCC(CCO)CC2)C=C1,C24H30N2O2S,410.58,410.2027994,410.58,4.8021,4,1
DB00663,Flumethasone,[H][C@@]12C[C@@H](C)[C@](O)(C(=O)CO)[C@@]1(C)C[C@H](O)[C@@]1(F)[C@@]2([H])C[C@H](F)C2=CC(=O)C=C[C@]12C,C22H28F2O5,410.458,410.1904803,410.455,1.1374,5,3
DB00223,Diflorasone,[H][C@@]12C[C@H](C)[C@](O)(C(=O)CO)[C@@]1(C)C[C@H](O)[C@@]1(F)[C@@]2([H])C[C@H](F)C2=CC(=O)C=C[C@]12C,C22H28F2O5,410.4515,410.1904804,410.455,1.1374,5,3
DB11622,Dehydrocholic acid,[H][C@@]1(CC[C@@]2([H])[C@]3([H])C(=O)C[C@]4([H])CC(=O)CC[C@]4(C)[C@@]3([H])CC(=O)[C@]12C)[C@H](C)CCC(O)=O,C24H34O5,402.531,402.2406242,402.529,3.6105,5,1
DB02659,Cholic Acid,[H][C@@](C)(CCC(O)=O)[C@@]1([H])CC[C@@]2([H])[C@]3([H])[C@]([H])(O)C[C@]4([H])C[C@]([H])(O)CC[C@]4(C)[C@@]3([H])C[C@]([H])(O)[C@]12C,C24H40O5,408.5714,408.2875744,408.577,3.1794,5,4
DB12499,Clascoterone,[H][C@@]12CC[C@](OC(=O)CC)(C(=O)CO)[C@@]1(C)CC[C@@]1([H])[C@@]2([H])CCC2=CC(=O)CC[C@]12C,C24H34O5,402.531,402.2406242,402.529,3.2079,5,1
DB14539,Hydrocortisone acetate,[H][C@@]12CC[C@](O)(C(=O)COC(C)=O)[C@@]1(C)C[C@H](O)[C@@]1([H])[C@@]2([H])CCC2=CC(=O)CC[C@]12C,C23H32O6,404.4966,404.2198888,404.501,1.9014,6,2
DB01380,Cortisone acetate,[H][C@@]12CC[C@](O)(C(=O)COC(C)=O)[C@@]1(C)CC(=O)[C@@]1([H])[C@@]2([H])CCC2=CC(=O)CC[C@]12C,C23H30O6,402.4807,402.2042387,402.485,2.0451,6,1
DB15566,Prednisolone acetate,[H][C@@]12CC[C@](O)(C(=O)COC(C)=O)[C@@]1(C)C[C@]([H])(O)[C@@]1([H])[C@@]2([H])CCC2=CC(=O)C=C[C@]12C,C23H30O6,402.4807,402.2042387,402.485,1.626,6,2
DB14646,Prednisone acetate,[H][C@@]12CC[C@](O)(C(=O)COC(C)=O)[C@@]1(C)CC(=O)[C@@]1([H])[C@@]2([H])CCC2=CC(=O)C=C[C@]12C,C23H28O6,400.471,400.1885886,400.469,1.7697,6,1
DB00596,Ulobetasol,[H][C@@]12C[C@H](C)[C@](O)(C(=O)CCl)[C@@]1(C)C[C@H](O)[C@@]1(F)[C@@]2([H])C[C@H](F)C2=CC(=O)C=C[C@]12C,C22H27ClF2O4,428.9,428.1565934,428.901,2.2934,4,2
DB00276,Amsacrine,COC1=C(NC2=C3C=CC=CC3=NC3=CC=CC=C23)C=CC(NS(C)(=O)=O)=C1,C21H19N3O3S,393.459,393.1147122,393.466,3.8016,6,2
DB00713,Oxacillin,[H][C@]12SC(C)(C)[C@@H](N1C(=O)[C@H]2NC(=O)C1=C(C)ON=C1C1=CC=CC=C1)C(O)=O,C19H19N3O5S,401.436,401.1045414,401.442,2.0978,8,2
DB12867,Benperidol,OC1=NC2=CC=CC=C2N1C1CCN(CCCC(=O)C2=CC=C(F)C=C2)CC1,C22H24FN3O2,381.451,381.1852552,381.45,4.1745,5,1
DB00450,Droperidol,FC1=CC=C(C=C1)C(=O)CCCN1CCC(=CC1)N1C(=O)NC2=CC=CC=C12,C22H22FN3O2,379.4274,379.1696052,379.434,3.4571,5,1
DB01609,Deferasirox,OC(=O)C1=CC=C(C=C1)N1N=C(N=C1C1=CC=CC=C1O)C1=CC=CC=C1O,C21H15N3O4,373.3615,373.106256,373.367,2.7844,7,3
DB00831,Trifluoperazine,CN1CCN(CCCN2C3=CC=CC=C3SC3=C2C=C(C=C3)C(F)(F)F)CC1,C21H24F3N3S,407.496,407.1643031,407.503,4.9276,3,0
DB00490,Buspirone,O=C1CC2(CCCC2)CC(=O)N1CCCCN1CCN(CC1)C1=NC=CC=N1,C21H31N5O2,385.5031,385.2477753,385.51,1.8451,7,0
DB01155,Gemifloxacin,CO\N=C1/CN(CC1CN)C1=NC2=C(C=C1F)C(=O)C(=CN2C1CC1)C(O)=O,C18H20FN5O4,389.3809,389.1499324,389.386,-1.6317,9,2
DB01162,Terazosin,COC1=C(OC)C=C2C(N)=NC(=NC2=C1)N1CCN(CC1)C(=O)C1CCCO1,C19H25N5O4,387.4329,387.1906543,387.439,1.0455,9,1
DB00457,Prazosin,COC1=C(OC)C=C2C(N)=NC(=NC2=C1)N1CCN(CC1)C(=O)C1=CC=CO1,C19H21N5O4,383.4011,383.1593542,383.407,1.7845,9,1
DB00843,Donepezil,COC1=C(OC)C=C2C(=O)C(CC3CCN(CC4=CC=CC=C4)CC3)CC2=C1,C24H29NO3,379.492,379.2147438,379.498,4.2149,4,0
DB11978,Glasdegib,CN1CC[C@H](C[C@@H]1C1=NC2=CC=CC=C2N1)NC(=O)NC1=CC=C(C=C1)C#N,C21H22N6O,374.448,374.1855094,374.447,2.4343,7,3
DB00561,Doxapram,CCN1CC(CCN2CCOCC2)C(C1=O)(C1=CC=CC=C1)C1=CC=CC=C1,C24H30N2O2,378.5072,378.2307282,378.514,3.2136,4,0
DB11577,Indigotindisulfonic acid,OS(=O)(=O)C1=CC2=C(N\C(C2=O)=C2\NC3=C(C=C(C=C3)S(O)(=O)=O)C2=O)C=C1,C16H10N2O8S2,422.389,421.9878567,422.393,-2.7886,10,4
DB01208,Sparfloxacin,C[C@H]1CN(C[C@@H](C)N1)C1=C(F)C(N)=C2C(=O)C(=CN(C3CC3)C2=C1F)C(O)=O,C19H22F2N4O3,392.3998,392.165997,392.405,-1.4535,7,3
DB04908,Flibanserin,FC(F)(F)C1=CC(=CC=C1)N1CCN(CCN2C(=O)NC3=CC=CC=C23)CC1,C20H21F3N4O,390.4021,390.1667459,390.408,3.0313,5,1
DB06626,Axitinib,CNC(=O)C1=C(SC2=CC=C3C(NN=C3\C=C\C3=CC=CC=N3)=C2)C=CC=C1,C22H18N4OS,386.47,386.1201319,386.478,3.4441,5,2
DB12404,Remimazolam,COC(=O)CC[C@@H]1N=C(C2=CC=CC=N2)C2=CC(Br)=CC=C2N2C(C)=CN=C12,C21H19BrN4O2,439.313,438.069139,439.312,3.2413,6,0
DB00240,Alclometasone,[H][C@@]12C[C@@H](C)[C@](O)(C(=O)CO)[C@@]1(C)C[C@H](O)[C@@]1([H])[C@@]2([H])[C@H](Cl)CC2=CC(=O)C=C[C@]12C,C22H29ClO5,408.916,408.1703517,408.92,1.6957,5,3
DB01234,Dexamethasone,[H][C@@]12C[C@@H](C)[C@](O)(C(=O)CO)[C@@]1(C)C[C@H](O)[C@@]1(F)[C@@]2([H])CCC2=CC(=O)C=C[C@]12C,C22H29FO5,392.4611,392.1999022,392.465,1.2884,5,3
DB00443,Betamethasone,[H][C@@]12C[C@H](C)[C@](O)(C(=O)CO)[C@@]1(C)C[C@H](O)[C@@]1(F)[C@@]2([H])CCC2=CC(=O)C=C[C@]12C,C22H29FO5,392.4611,392.1999022,392.465,1.2884,5,3
DB00620,Triamcinolone,[H][C@@]12C[C@@H](O)[C@](O)(C(=O)CO)[C@@]1(C)C[C@H](O)[C@@]1(F)[C@@]2([H])CCC2=CC(=O)C=C[C@]12C,C21H27FO6,394.4339,394.1791668,394.437,0.167,6,4
DB11750,Clobetasol,[H][C@@]12C[C@H](C)[C@](O)(C(=O)CCl)[C@@]1(C)C[C@H](O)[C@@]1(F)[C@@]2([H])CCC2=CC(=O)C=C[C@]12C,C22H28ClFO4,410.907,410.1660153,410.911,2.4444,4,2
DB13158,Clobetasone,[H][C@]1(C)C[C@@]2([H])[C@]3([H])CCC4=CC(=O)C=C[C@]4(C)[C@@]3(F)C(=O)C[C@]2(C)[C@@]1(O)C(=O)CCl,C22H26ClFO4,408.89,408.1503652,408.895,2.5881,4,1
DB09095,Difluocortolone,[H][C@@]12C[C@@H](C)[C@H](C(=O)CO)[C@@]1(C)C[C@H](O)[C@@]1(F)[C@@]2([H])C[C@H](F)C2=CC(=O)C=C[C@]12C,C22H28F2O4,394.459,394.1955657,394.456,1.9608,4,2
DB00838,Clocortolone,[H][C@@]12C[C@@H](C)[C@H](C(=O)CO)[C@@]1(C)C[C@H](O)[C@@]1(Cl)[C@@]2([H])C[C@H](F)C2=CC(=O)C=C[C@]12C,C22H28ClFO4,410.907,410.1660153,410.911,2.6566,4,2
DB00351,Megestrol acetate,[H][C@@]12CC[C@](OC(C)=O)(C(C)=O)[C@@]1(C)CC[C@@]1([H])[C@@]2([H])C=C(C)C2=CC(=O)CC[C@]12C,C24H32O4,384.516,384.2300595,384.514,3.845,4,0
DB00603,Medroxyprogesterone acetate,[H][C@@]12CC[C@](OC(C)=O)(C(C)=O)[C@@]1(C)CC[C@@]1([H])[C@@]2([H])C[C@H](C)C2=CC(=O)CC[C@]12C,C24H34O4,386.5244,386.2457096,386.53,3.9495,4,0
DB03619,Deoxycholic acid,[H][C@@]12CC[C@H]([C@H](C)CCC(O)=O)[C@@]1(C)[C@@H](O)C[C@@]1([H])[C@@]2([H])CC[C@]2([H])C[C@H](O)CC[C@]12C,C24H40O4,392.572,392.2926598,392.578,4.0315,4,3
DB01586,Ursodeoxycholic acid,[H][C@@]1(CC[C@@]2([H])[C@]3([H])[C@@H](O)C[C@]4([H])C[C@H](O)CC[C@]4(C)[C@@]3([H])CC[C@]12C)[C@H](C)CCC(O)=O,C24H40O4,392.572,392.2926598,392.578,4.0315,4,3
DB06777,Chenodeoxycholic acid,[H][C@@]1(CC[C@@]2([H])[C@]3([H])[C@H](O)C[C@]4([H])C[C@H](O)CC[C@]4(C)[C@@]3([H])CC[C@]12C)[C@H](C)CCC(O)=O,C24H40O4,392.572,392.2926598,392.578,4.0315,4,3
DB00823,Ethynodiol diacetate,[H][C@@]12CC[C@@](OC(C)=O)(C#C)[C@@]1(C)CC[C@]1([H])[C@@]3([H])CC[C@H](OC(C)=O)C=C3CC[C@@]21[H],C24H32O4,384.5085,384.2300595,384.514,3.9091,4,0
DB14529,Chromium nicotinate,[Cr+3].[O-]C(=O)C1=CN=CC=C1.[O-]C(=O)C1=CN=CC=C1.[O-]C(=O)C1=CN=CC=C1,C18H12CrN3O6,418.305,418.013116,418.304,0.1438,3,1
DB11255,Chromium picolinate,[Cr+3].[O-]C(=O)C1=NC=CC=C1.[O-]C(=O)C1=NC=CC=C1.[O-]C(=O)C1=NC=CC=C1,C18H12CrN3O6,418.3005,418.013122,418.304,0.1978,3,1
DB11089,Docusate,CCCCC(CC)COC(=O)CC(C(=O)OCC(CC)CCCC)S(O)(=O)=O,C20H38O7S,422.577,422.2338243,422.581,3.6341,7,1
DB15598,Ferric maltol,[Fe+3].CC1=C([O-])C(=O)C=CO1.CC1=C([O-])C(=O)C=CO1.CC1=C([O-])C(=O)C=CO1,C18H15FeO9,431.154,431.006543,431.153,-0.1861,3,1
DB06712,Nilvadipine,COC(=O)C1=C(NC(C)=C(C1C1=CC(=CC=C1)[N+]([O-])=O)C(=O)OC(C)C)C#N,C19H19N3O6,385.3707,385.1273854,385.375,1.5653,8,1
DB09089,Trimebutine,CCC(COC(=O)C1=CC(OC)=C(OC)C(OC)=C1)(N(C)C)C1=CC=CC=C1,C22H29NO5,387.476,387.204573,387.474,3.4018,6,0
DB01195,Flecainide,FC(F)(F)COC1=CC(C(=O)NCC2CCCCN2)=C(OCC(F)(F)F)C=C1,C17H20F6N2O3,414.3427,414.1378117,414.345,3.2379,5,2
DB00706,Tamsulosin,CCOC1=CC=CC=C1OCCN[C@H](C)CC1=CC(=C(OC)C=C1)S(N)(=O)=O,C20H28N2O5S,408.512,408.1718927,408.517,2.2607,7,2
DB09237,Levamlodipine,CCOC(=O)C1=C(COCCN)NC(C)=C([C@@H]1C1=CC=CC=C1Cl)C(=O)OC,C20H25ClN2O5,408.88,408.1451996,408.88,2.071,7,2
DB00381,Amlodipine,CCOC(=O)C1=C(COCCN)NC(C)=C(C1C1=CC=CC=C1Cl)C(=O)OC,C20H25ClN2O5,408.876,408.1451996,408.88,2.071,7,2
DB13258,Etofamide,CCOCCN(CC1=CC=C(OC2=CC=C(C=C2)[N+]([O-])=O)C=C1)C(=O)C(Cl)Cl,C19H20Cl2N2O5,427.28,426.0749272,427.283,2.7585,6,0
DB00662,Trimethobenzamide,COC1=CC(=CC(OC)=C1OC)C(=O)NCC1=CC=C(OCCN(C)C)C=C1,C21H28N2O5,388.4574,388.199822,388.462,1.9363,7,1
DB00401,Nisoldipine,COC(=O)C1=C(C)NC(C)=C(C1C1=CC=CC=C1[N+]([O-])=O)C(=O)OCC(C)C,C20H24N2O6,388.4144,388.1634365,388.419,2.6331,7,1
DB00188,Bortezomib,CC(C)C[C@H](NC(=O)[C@H](CC1=CC=CC=C1)NC(=O)C1=CN=CC=N1)B(O)O,C19H25BN4O4,384.237,384.1968858,384.242,1.9321,8,4
DB19360,Latanoprost acid,O[C@H](CC[C@H]1[C@H](O)C[C@H](O)[C@@H]1C\C=C/CCCC(O)=O)CCC1=CC=CC=C1,C23H34O5,390.52,390.2406242,390.518,3.98,5,4
DB01331,Cefoxitin,[H][C@]12SCC(COC(N)=O)=C(N1C(=O)[C@]2(NC(=O)CC1=CC=CS1)OC)C(O)=O,C16H17N3O7S2,427.452,427.0507913,427.457,-0.0143,10,3
DB00689,Cephaloglycin,[H][C@]12SCC(COC(C)=O)=C(N1C(=O)[C@H]2NC(=O)[C@H](N)C1=CC=CC=C1)C(O)=O,C18H19N3O6S,405.425,405.099456,405.43,-2.4701,9,3
DB01139,Cefapirin,[H][C@]12SCC(COC(C)=O)=C(N1C(=O)[C@H]2NC(=O)CSC1=CC=NC=C1)C(O)=O,C17H17N3O6S2,423.463,423.0558767,423.469,-0.0616,9,2
DB11682,Daprodustat,OC(=O)CNC(=O)C1C(=O)N(C2CCCCC2)C(=O)N(C2CCCCC2)C1=O,C19H27N3O6,393.44,393.1899856,393.438,0.354,9,2
DB00406,Gentian violet cation,CN(C)C1=CC=C(C=C1)C(C1=CC=C(C=C1)N(C)C)=C1C=CC(C=C1)=[N+](C)C,C25H30N3,372.5258,372.243973,372.534,0.6992,2,0
DB01261,Sitagliptin,N[C@@H](CC(=O)N1CCN2C(C1)=NN=C2C(F)(F)F)CC1=CC(F)=C(F)C=C1F,C16H15F6N5O,407.3136,407.1180794,407.317,1.5969,6,1
DB00346,Alfuzosin,COC1=CC2=C(C=C1OC)C(N)=NC(=N2)N(C)CCCNC(=O)C1CCCO1,C19H27N5O4,389.4488,389.2063044,389.454,1.0512,9,2
DB19325,Sofpironium,CCOC(=O)C[N+]1(C)CC[C@H](C1)OC(=O)[C@@](O)(C1CCCC1)C1=CC=CC=C1,C22H32NO5,390.499,390.2274996,390.498,-0.8882,5,1
DB00675,Tamoxifen,CC\C(=C(/C1=CC=CC=C1)C1=CC=C(OCCN(C)C)C=C1)C1=CC=CC=C1,C26H29NO,371.5146,371.2249146,371.522,4.7199,2,0
DB15534,Colchiceine,COC1=C(OC)C(OC)=C2C(CCC(NC(C)=O)C3=CC(=O)C(O)=CC=C23)=C1,C21H23NO6,385.416,385.1525375,385.415,1.4351,7,2
DB06414,Etravirine,CC1=CC(=CC(C)=C1OC1=C(Br)C(N)=NC(NC2=CC=C(C=C2)C#N)=N1)C#N,C20H15BrN6O,435.277,434.0490718,435.284,4.5016,7,2
DB12941,Darolutamide,C[C@@H](CN1C=CC(=N1)C1=CC=C(C#N)C(Cl)=C1)NC(=O)C1=NNC(=C1)C(C)O,C19H19ClN6O2,398.85,398.1258016,398.853,0.7475,8,3
DB08864,Rilpivirine,CC1=CC(\C=C\C#N)=CC(C)=C1NC1=CC=NC(NC2=CC=C(C=C2)C#N)=N1,C22H18N6,366.4185,366.1592946,366.427,4.7377,6,2
DB09080,Olodaterol,COC1=CC=C(CC(C)(C)NC[C@H](O)C2=C3OCC(=O)NC3=CC(O)=C2)C=C1,C21H26N2O5,386.448,386.1841719,386.446,1.4107,7,4
DB06403,Ambrisentan,COC([C@H](OC1=NC(C)=CC(C)=N1)C(O)=O)(C1=CC=CC=C1)C1=CC=CC=C1,C22H22N2O4,378.428,378.1579572,378.427,2.833,6,1
DB16165,Finerenone,CCOC1=NC=C(C)C2=C1[C@H](C1=CC=C(C=C1OC)C#N)C(C(N)=O)=C(C)N2,C21H22N4O3,378.432,378.1691906,378.431,1.5849,7,2
DB00795,Sulfasalazine,OC(=O)C1=CC(=CC=C1O)\N=N\C1=CC=C(C=C1)S(=O)(=O)NC1=NC=CC=C1,C18H14N4O5S,398.393,398.0684903,398.398,2.6508,9,3
DB06016,Cariprazine,CN(C)C(=O)N[C@H]1CC[C@H](CCN2CCN(CC2)C2=C(Cl)C(Cl)=CC=C2)CC1,C21H32Cl2N4O,427.41,426.1953171,427.418,4.0086,5,1
DB08893,Mirabegron,NC1=NC(CC(=O)NC2=CC=C(CCNC[C@H](O)C3=CC=CC=C3)C=C2)=CS1,C21H24N4O2S,396.506,396.1619967,396.514,2.3718,6,4
DB11757,Istradefylline,[H]\C(=C(\[H])C1=CC(OC)=C(OC)C=C1)C1=NC2=C(N1C)C(=O)N(CC)C(=O)N2CC,C20H24N4O4,384.436,384.1797553,384.435,2.5907,8,0
DB12713,Sotagliflozin,CCOC1=CC=C(CC2=CC(=CC=C2Cl)[C@@H]2O[C@H](SC)[C@@H](O)[C@H](O)[C@H]2O)C=C1,C21H25ClO5S,424.94,424.1111228,424.944,3.6028,5,3
DB00374,Treprostinil,[H][C@]12C[C@@H](O)[C@H](CC[C@@H](O)CCCCC)[C@@]1([H])CC1=C(C2)C(OCC(O)=O)=CC=C1,C23H34O5,390.5131,390.2406242,390.518,4.04,5,3
DB06292,Dapagliflozin,CCOC1=CC=C(CC2=C(Cl)C=CC(=C2)[C@@H]2O[C@H](CO)[C@@H](O)[C@H](O)[C@H]2O)C=C1,C21H25ClO6,408.873,408.1339662,408.876,2.0041,6,4
DB11760,Talazoparib,CN1N=CN=C1[C@@H]1[C@H](NC2=C3C1=NNC(=O)C3=CC(F)=C2)C1=CC=C(F)C=C1,C19H14F2N6O,380.359,380.1197154,380.357,2.0485,7,2
DB00246,Ziprasidone,ClC1=C(CCN2CCN(CC2)C2=NSC3=CC=CC=C23)C=C2CC(=O)NC2=C1,C21H21ClN4OS,412.936,412.1124597,412.944,3.6832,5,1
DB01452,Diamorphine,[H][C@@]12C=C[C@H](OC(C)=O)[C@@H]3OC4=C(OC(C)=O)C=CC5=C4[C@]13CCN(C)[C@@H]2C5,C21H23NO5,369.411,369.1576229,369.416,2.0737,6,0
DB12020,Tecovirimat,FC(F)(F)C1=CC=C(C=C1)C(=O)NN1C(=O)[C@H]2[C@H]([C@H]3C=C[C@@H]2[C@@H]2C[C@H]32)C1=O,C19H15F3N2O3,376.335,376.1034768,376.333,1.2482,5,1
DB01591,Solifenacin,O=C(O[C@H]1CN2CCC1CC2)N1CCC2=CC=CC=C2[C@@H]1C1=CC=CC=C1,C23H26N2O2,362.473,362.1994281,362.471,4.3998,4,0
DB12543,Samidorphan,NC(=O)C1=CC=C2C[C@H]3N(CC4CC4)CC[C@@]4(CC(=O)CC[C@@]34O)C2=C1O,C21H26N2O4,370.449,370.1892573,370.447,1.1806,6,3
DB04846,Celiprolol,CCN(CC)C(=O)NC1=CC=C(OCC(O)CNC(C)(C)C)C(=C1)C(C)=O,C20H33N3O4,379.501,379.2471066,379.499,1.9847,7,3
DB09555,Dexchlorpheniramine maleate,OC(=O)\C=C/C(O)=O.CN(C)CC[C@@H](C1=CC=C(Cl)C=C1)C1=CC=CC=N1,C20H23ClN2O4,390.86,390.1346349,390.866,3.3537,2,0
DB07565,Chloramphenicol succinate,O[C@@H]([C@@H](COC(=O)CCC(O)=O)NC(=O)C(Cl)Cl)C1=CC=C(C=C1)[N+]([O-])=O,C15H16Cl2N2O8,423.202,422.0283709,423.204,-0.3077,9,3
DB00929,Misoprostol,CCCCC(C)(O)C\C=C\[C@H]1[C@H](O)CC(=O)[C@@H]1CCCCCCC(=O)OC,C22H38O5,382.5341,382.2719243,382.539,4.8535,5,2
DB06826,Unoprostone,CCCCCCCC(=O)CC[C@H]1[C@H](O)C[C@H](O)[C@@H]1C\C=C/CCCC(O)=O,C22H38O5,382.541,382.2719243,382.539,4.7789,5,3
DB09097,Quinagolide,[H][C@]12C[C@@H](CN(CCC)[C@]1([H])CC1=CC=CC(O)=C1C2)NS(=O)(=O)N(CC)CC,C20H33N3O3S,395.56,395.2242631,395.566,2.9702,6,2
DB01150,Cefprozil,[H][C@]12SCC(C=CC)=C(N1C(=O)[C@@]2([H])NC(=O)[C@H](N)C1=CC=C(O)C=C1)C(O)=O,C18H19N3O5S,389.426,389.1045414,389.431,-1.7171,8,4
DB13248,Phthalylsulfathiazole,OC(=O)C1=CC=CC=C1C(=O)NC1=CC=C(C=C1)S(=O)(=O)NC1=NC=CS1,C17H13N3O5S2,403.43,403.0296629,403.438,2.2166,8,3
DB00270,Isradipine,COC(=O)C1=C(C)NC(C)=C(C1C1=CC=CC2=NON=C12)C(=O)OC(C)C,C19H21N3O5,371.3871,371.1481208,371.392,3.192,8,1
DB00690,Flurazepam,CCN(CC)CCN1C2=C(C=C(Cl)C=C2)C(=NCC1=O)C1=CC=CC=C1F,C21H23ClFN3O,387.878,387.1513683,387.885,3.5978,4,0
DB11732,Lasmiditan,CN1CCC(CC1)C(=O)C1=CC=CC(NC(=O)C2=C(F)C=C(F)C=C2F)=N1,C19H18F3N3O2,377.367,377.1351113,377.365,2.6747,5,1
DB00436,Bendroflumethiazide,NS(=O)(=O)C1=CC2=C(NC(CC3=CC=CC=C3)NS2(=O)=O)C=C1C(F)(F)F,C15H14F3N3O4S2,421.415,421.0377819,421.419,1.6564,7,3
DB01157,Trimetrexate,COC1=CC(NCC2=C(C)C3=C(C=C2)N=C(N)N=C3N)=CC(OC)=C1OC,C19H23N5O3,369.4176,369.1800896,369.424,1.9786,8,3
DB00716,Nedocromil,CCCC1=C2N(CC)C(=CC(=O)C2=CC2=C1OC(=CC2=O)C(O)=O)C(O)=O,C19H17NO7,371.3408,371.1005019,371.344,1.3724,8,2
DB00782,Propantheline,CC(C)[N+](C)(CCOC(=O)C1C2=CC=CC=C2OC2=CC=CC=C12)C(C)C,C23H30NO3,368.4892,368.2225688,368.495,0.9635,3,0
DB12278,Propiverine,CCCOC(C(=O)OC1CCN(C)CC1)(C1=CC=CC=C1)C1=CC=CC=C1,C23H29NO3,367.4813,367.2147438,367.487,3.6426,4,0
DB09020,Bisacodyl,CC(=O)OC1=CC=C(C=C1)C(C1=CC=C(OC(C)=O)C=C1)C1=CC=CC=N1,C22H19NO4,361.3906,361.1314081,361.396,3.3834,5,0
DB12343,Temocillin,CO[C@]1(NC(=O)C(C(O)=O)C2=CSC=C2)[C@H]2SC(C)(C)[C@@H](N2C1=O)C(O)=O,C16H18N2O7S2,414.45,414.0555433,414.458,0.4901,9,3
DB08828,Vismodegib,CS(=O)(=O)C1=CC(Cl)=C(C=C1)C(=O)NC1=CC=C(Cl)C(=C1)C1=CC=CC=N1,C19H14Cl2N2O3S,421.297,420.0102184,421.303,3.7704,5,1
DB04890,Bepotastine,OC(=O)CCCN1CCC(CC1)OC(C1=CC=C(Cl)C=C1)C1=CC=CC=N1,C21H25ClN2O3,388.888,388.1553704,388.894,2.4785,5,1
DB06282,Levocetirizine,OC(=O)COCCN1CCN(CC1)[C@H](C1=CC=CC=C1)C1=CC=C(Cl)C=C1,C21H25ClN2O3,388.89,388.1553704,388.894,0.8672,5,1
DB00341,Cetirizine,OC(=O)COCCN1CCN(CC1)C(C1=CC=CC=C1)C1=CC=C(Cl)C=C1,C21H25ClN2O3,388.888,388.1553704,388.894,0.8672,5,1
DB01244,Bepridil,CC(C)COCC(CN(CC1=CC=CC=C1)C1=CC=CC=C1)N1CCCC1,C24H34N2O,366.5396,366.2671137,366.547,4.4044,3,0
DB00708,Sufentanil,CCC(=O)N(C1=CC=CC=C1)C1(COC)CCN(CCC2=CC=CS2)CC1,C22H30N2O2S,386.551,386.2027989,386.558,4.0822,4,0
DB11967,Binimetinib,CN1C=NC2=C(F)C(NC3=CC=C(Br)C=C3F)=C(C=C12)C(=O)NOCCO,C17H15BrF2N4O3,441.233,440.02956,441.231,2.5028,7,3
DB11689,Selumetinib,CN1C=NC2=C(F)C(NC3=C(Cl)C=C(Br)C=C3)=C(C=C12)C(=O)NOCCO,C17H15BrClFN4O3,457.68,456.000009,457.686,3.008,7,3
DB11632,Opicapone,CC1=C(C2=NOC(=N2)C2=CC(=C(O)C(O)=C2)[N+]([O-])=O)C(Cl)=[N+]([O-])C(C)=C1Cl,C15H10Cl2N4O6,413.17,411.9977395,413.172,2.194,8,2
DB06211,Doripenem,[H][C@]12[C@@H](C)C(S[C@@H]3CN[C@H](CNS(N)(=O)=O)C3)=C(N1C(=O)[C@]2([H])[C@@H](C)O)C(O)=O,C15H24N4O6S2,420.504,420.1137259,420.51,-3.6813,10,5
DB01415,Ceftibuten,[H][C@]12SCC=C(N1C(=O)[C@H]2NC(=O)C(=C/CC(O)=O)\C1=CSC(N)=N1)C(O)=O,C15H14N4O6S2,410.425,410.0354756,410.43,-0.7123,10,4
DB00140,Riboflavin,CC1=C(C)C=C2N(C[C@H](O)[C@H](O)[C@H](O)CO)C3=NC(=O)NC(=O)C3=NC2=C1,C17H20N4O6,376.3639,376.1382844,376.368,-2.0663,10,5
DB04938,Ospemifene,OCCOC1=CC=C(C=C1)C(=C(\CCCl)C1=CC=CC=C1)\C1=CC=CC=C1,C24H23ClO2,378.891,378.1386577,378.898,4.729,2,1
DB11994,Diacerein,CC(=O)OC1=CC=CC2=C1C(=O)C1=C(OC(C)=O)C=C(C=C1C2=O)C(O)=O,C19H12O8,368.297,368.0532173,368.296,2.4919,8,1
DB16907,"Zoledronate D,L-Lysine Monohydrate",O.NCCCCC(N)C(O)=O.OC(CN1C=CN=C1)(P(O)(O)=O)P(O)(O)=O,C11H26N4O10P2,436.295,436.112417,436.293,-8.0158,9,5
DB06771,Besifloxacin,N[C@@H]1CCCCN(C1)C1=C(F)C=C2C(=O)C(=CN(C3CC3)C2=C1Cl)C(O)=O,C19H21ClFN3O3,393.84,393.1255475,393.845,-0.1842,6,2
DB12924,Ozenoxacin,CNC1=NC=C(C=C1C)C1=CC=C2C(=O)C(=CN(C3CC3)C2=C1C)C(O)=O,C21H21N3O3,363.417,363.1582915,363.416,2.0848,6,2
DB00972,Azelastine,CN1CCCC(CC1)N1N=C(CC2=CC=C(Cl)C=C2)C2=CC=CC=C2C1=O,C22H24ClN3O,381.898,381.1607901,381.906,4.3744,4,0
DB00850,Perphenazine,OCCN1CCN(CCCN2C3=CC=CC=C3SC3=C2C=C(Cl)C=C3)CC1,C21H26ClN3OS,403.969,403.1485109,403.976,4.1649,4,1
DB08883,Perampanel,O=C1N(C=C(C=C1C1=CC=CC=C1C#N)C1=NC=CC=C1)C1=CC=CC=C1,C23H15N3O,349.393,349.1215121,349.392,2.7826,4,0
DB01224,Quetiapine,OCCOCCN1CCN(CC1)C1=NC2=CC=CC=C2SC2=CC=CC=C12,C21H25N3O2S,383.507,383.1667477,383.515,2.73,5,1
DB00739,Hetacillin,[H][C@]12SC(C)(C)[C@@H](N1C(=O)[C@H]2N1C(=O)[C@H](NC1(C)C)C1=CC=CC=C1)C(O)=O,C19H23N3O4S,389.469,389.1409269,389.475,-0.2339,7,2
DB01044,Gatifloxacin,COC1=C2N(C=C(C(O)=O)C(=O)C2=CC(F)=C1N1CCNC(C)C1)C1CC1,C19H22FN3O4,375.3941,375.1594344,375.399,-1.2717,7,2
DB01166,Cilostazol,O=C1CCC2=C(N1)C=CC(OCCCCC1=NN=NN1C1CCCCC1)=C2,C20H27N5O2,369.4607,369.2164751,369.467,3.3233,7,1
DB00957,Norgestimate,[H][C@@]12CC[C@@](OC(C)=O)(C#C)[C@@]1(CC)CC[C@]1([H])[C@@]3([H])CC\C(C=C3CC[C@@]21[H])=N/O,C23H31NO3,369.4971,369.2303939,369.503,4.644,4,1
DB14569,Tedizolid,CN1N=NC(=N1)C1=NC=C(C=C1)C1=C(F)C=C(C=C1)N1C[C@H](CO)OC1=O,C17H15FN6O3,370.344,370.1189665,370.343,1.4069,9,1
DB00402,Eszopiclone,CN1CCN(CC1)C(=O)O[C@@H]1N(C(=O)C2=NC=CN=C12)C1=NC=C(Cl)C=C1,C17H17ClN6O3,388.808,388.1050661,388.814,0.7142,9,0
DB01198,Zopiclone,CN1CCN(CC1)C(=O)OC1N(C(=O)C2=NC=CN=C12)C1=NC=C(Cl)C=C1,C17H17ClN6O3,388.808,388.1050661,388.814,0.7142,9,0
DB15091,Upadacitinib,CC[C@@H]1CN(C[C@@H]1C1=CN=C2C=NC3=C(C=CN3)N12)C(=O)NCC(F)(F)F,C17H19F3N6O,380.375,380.1572437,380.373,2.2402,7,2
DB01624,Zuclopenthixol,OCCN1CCN(CC\C=C2\C3=C(SC4=C2C=C(Cl)C=C4)C=CC=C3)CC1,C22H25ClN2OS,400.965,400.1376118,400.973,4.6796,3,1
DB14881,Oliceridine,COC1=C(CNCC[C@]2(CCOC3(CCCC3)C2)C2=NC=CC=C2)SC=C1,C22H30N2O2S,386.55,386.2027994,386.558,3.1671,4,1
DB00455,Loratadine,CCOC(=O)N1CCC(CC1)=C1C2=C(CCC3=C1N=CC=C3)C=C(Cl)C=C2,C22H23ClN2O2,382.883,382.1448057,382.89,4.9774,4,0
DB00216,Eletriptan,CN1CCC[C@@H]1CC1=CNC2=C1C=C(CCS(=O)(=O)C1=CC=CC=C1)C=C2,C22H26N2O2S,382.519,382.1714988,382.526,3.4023,4,1
DB01216,Finasteride,[H][C@@]12CC[C@H](C(=O)NC(C)(C)C)[C@@]1(C)CC[C@@]1([H])[C@@]2([H])CC[C@@]2([H])NC(=O)C=C[C@]12C,C23H36N2O2,372.5441,372.2776784,372.551,3.1604,4,2
DB00896,Rimexolone,[H][C@@]12C[C@@H](C)[C@](C)(C(=O)CC)[C@@]1(C)C[C@H](O)[C@@]1([H])[C@@]2([H])CCC2=CC(=O)C=C[C@]12C,C24H34O3,370.533,370.250795,370.531,3.9467,3,1
DB00873,Loteprednol,[H][C@@]12CC[C@](O)(C(=O)OCCl)[C@@]1(C)C[C@H](O)[C@@]1([H])[C@@]2([H])CCC2=CC(=O)C=C[C@]12C,C21H27ClO5,394.889,394.1547017,394.893,2.288,5,2
DB09378,Fluprednisolone,[H][C@@]12CC[C@](O)(C(=O)CO)[C@@]1(C)C[C@H](O)[C@@]1([H])[C@@]2([H])C[C@H](F)C2=CC(=O)C=C[C@]12C,C21H27FO5,378.44,378.1842521,378.438,0.9904,5,3
DB00687,Fludrocortisone,[H][C@@]12CC[C@](O)(C(=O)CO)[C@@]1(C)C[C@H](O)[C@@]1(F)[C@@]2([H])CCC2=CC(=O)CC[C@]12C,C21H29FO5,380.4504,380.1999022,380.454,1.2945,5,3
DB09383,Meprednisone,[H][C@]1(C)C[C@@]2([H])[C@]3([H])CCC4=CC(=O)C=C[C@]4(C)[C@@]3([H])C(=O)C[C@]2(C)[C@@]1(O)C(=O)CO,C22H28O5,372.461,372.193674,372.459,1.5544,5,2
DB00959,Methylprednisolone,[H][C@@]12CC[C@](O)(C(=O)CO)[C@@]1(C)C[C@H](O)[C@@]1([H])[C@@]2([H])C[C@H](C)C2=CC(=O)C=C[C@]12C,C22H30O5,374.4706,374.2093241,374.475,1.4107,5,3
DB12952,Methylprednisone,[H][C@@]12CC[C@](O)(C(=O)CO)[C@@]1(C)CC(=O)[C@@]1([H])[C@@]2([H])C[C@H](C)C2=CC(=O)C=C[C@]12C,C22H28O5,372.461,372.193674,372.459,1.5544,5,2
DB08971,Fluocortolone,[H][C@@]12C[C@@H](C)[C@H](C(=O)CO)[C@@]1(C)C[C@H](O)[C@@]1([H])[C@@]2([H])C[C@H](F)C2=CC(=O)C=C[C@]12C,C22H29FO4,376.4617,376.2049876,376.466,2.0831,4,2
DB00547,Desoximetasone,[H][C@@]12C[C@@H](C)[C@H](C(=O)CO)[C@@]1(C)C[C@H](O)[C@@]1(F)[C@@]2([H])CCC2=CC(=O)C=C[C@]12C,C22H29FO4,376.4617,376.2049876,376.466,2.1118,4,2
DB00324,Fluorometholone,[H][C@@]12CC[C@](O)(C(C)=O)[C@@]1(C)C[C@H](O)[C@@]1(F)[C@@]2([H])C[C@H](C)C2=CC(=O)C=C[C@]12C,C22H29FO4,376.4617,376.2049876,376.466,2.2151,4,2
DB14583,Segesterone acetate,[H][C@@]12CC(=C)[C@](OC(C)=O)(C(C)=O)[C@@]1(C)CC[C@]1([H])[C@@]3([H])CCC(=O)C=C3CC[C@@]21[H],C23H30O4,370.489,370.2144094,370.487,3.5918,4,0
DB06780,Desoxycorticosterone acetate,[H][C@@]12CC[C@H](C(=O)COC(C)=O)[C@@]1(C)CC[C@@]1([H])[C@@]2([H])CCC2=CC(=O)CC[C@]12C,C23H32O4,372.505,372.2300595,372.503,3.5769,4,0
DB13981,Nomegestrol acetate,[H][C@@]12CC[C@](OC(C)=O)(C(C)=O)[C@@]1(C)CC[C@]1([H])[C@@]3([H])CCC(=O)C=C3C(C)=C[C@@]21[H],C23H30O4,370.489,370.2144094,370.487,3.5135,4,0
DB09274,Artesunate,[H][C@@]12CC[C@@H](C)[C@]3([H])CC[C@@]4(C)OO[C@@]13[C@]([H])(O[C@@H](OC(=O)CCC(O)=O)[C@@H]2C)O4,C19H28O8,384.425,384.1784179,384.423,2.5904,8,1
DB09031,Miltefosine,CCCCCCCCCCCCCCCCOP([O-])(=O)OCC[N+](C)(C)C,C21H46NO4P,407.576,407.316446,407.573,0.1224,4,0
DB17097,Vorasidenib,C[C@@H](NC1=NC(=NC(N[C@H](C)C(F)(F)F)=N1)C1=CC=CC(Cl)=N1)C(F)(F)F,C14H13ClF6N6,414.74,414.0794411,414.74,3.942,6,2
DB01190,Clindamycin,[H][C@@](NC(=O)[C@@H]1C[C@@H](CCC)CN1C)([C@H](C)Cl)[C@@]1([H])O[C@H](SC)[C@H](O)[C@@H](O)[C@H]1O,C18H33ClN2O5S,424.98,424.179871,424.988,0.9128,7,4
DB00899,Remifentanil,CCC(=O)N(C1=CC=CC=C1)C1(CCN(CCC(=O)OC)CC1)C(=O)OC,C20H28N2O5,376.4467,376.199822,376.451,2.0301,7,0
DB00584,Enalapril,CCOC(=O)[C@H](CCC1=CC=CC=C1)N[C@@H](C)C(=O)N1CCC[C@H]1C(O)=O,C20H28N2O5,376.4467,376.199822,376.451,-0.0245,7,2
DB01627,Lincomycin,[H][C@]1(C[C@@H](CCC)CN1C)C(=O)N[C@H]([C@@H](C)O)[C@H]1O[C@H](SC)[C@H](O)[C@@H](O)[C@H]1O,C18H34N2O6S,406.54,406.213758,406.542,-0.2903,8,5
DB01046,Lubiprostone,[H][C@@]12CC(=O)[C@H](CCCCCCC(O)=O)[C@@]1([H])CC[C@@](O)(O2)C(F)(F)CCCC,C20H32F2O5,390.468,390.2217805,390.465,4.5278,5,2
DB11672,Curcumin,COC1=CC(\C=C\C(=O)CC(=O)\C=C\C2=CC(OC)=C(O)C=C2)=CC=C1O,C21H20O6,368.3799,368.1259884,368.384,2.949,6,2
DB05187,Elafibranor,CSC1=CC=C(C=C1)C(=O)\C=C\C1=CC(C)=C(OC(C)(C)C(O)=O)C(C)=C1,C22H24O4S,384.49,384.1395304,384.495,4.2687,4,1
DB15678,Calcium undecylenate,[Ca++].[O-]C(=O)CCCCCCCCC=C.[O-]C(=O)CCCCCCCCC=C,C22H38CaO4,406.62,406.2396006,406.618,3.605,2,1
DB01395,Drospirenone,[H][C@@]12C[C@]1([H])[C@@]1([H])[C@]3([H])[C@]4([H])C[C@]4([H])[C@@]4(CCC(=O)O4)[C@@]3(C)CC[C@]1([H])[C@@]1(C)CCC(=O)C=C21,C24H30O3,366.4932,366.2194948,366.499,3.4384,3,0
DB06800,Methylnaltrexone,C[N@+]1(CC2CC2)CC[C@]23[C@H]4OC5=C(O)C=CC(C[C@@H]1[C@]2(O)CCC4=O)=C35,C21H26NO4,356.441,356.1856347,356.44,-1.5239,4,2
DB00844,Nalbuphine,O[C@H]1CC[C@@]2(O)[C@H]3CC4=CC=C(O)C5=C4[C@@]2(CCN3CC2CCC2)[C@H]1O5,C21H27NO4,357.4434,357.1940084,357.448,1.7751,5,3
DB01014,Balsalazide,OC(=O)CCNC(=O)C1=CC=C(C=C1)\N=N\C1=CC=C(O)C(=C1)C(O)=O,C17H15N3O6,357.3175,357.0960852,357.321,2.0244,9,4
DB09148,Florbetaben F-18,CNC1=CC=C(\C=C\C2=CC=C(OCCOCCOCC[18F])C=C2)C=C1,C21H26FNO3,358.444,358.1922064,358.442,3.4393,4,1
DB01062,Oxybutynin,CCN(CC)CC#CCOC(=O)C(O)(C1CCCCC1)C1=CC=CC=C1,C22H31NO3,357.4864,357.2303939,357.492,3.4846,4,1
DB13279,Carbocromen,CCOC(=O)COC1=CC2=C(C=C1)C(C)=C(CCN(CC)CC)C(=O)O2,C20H27NO5,361.438,361.188923,361.436,2.4705,6,0
DB01227,Levacetylmethadol,CC[C@H](OC(C)=O)C(C[C@H](C)N(C)C)(C1=CC=CC=C1)C1=CC=CC=C1,C23H31NO2,353.4977,353.2354792,353.504,4.0357,3,0
DB09149,Florbetapir F-18,[H]N(C1=C([H])C([H])=C(\C([H])=C(/[H])C2=C([H])N=C(OC([H])([H])C([H])([H])OC([H])([H])C([H])([H])OC([H])([H])C([H])([H])[18F])C([H])=C2[H])C([H])=C1[H])C([H])([H])[H],C20H25FN2O3,359.432,359.1874553,359.43,2.7898,5,1
DB00790,Perindopril,[H][C@]12C[C@H](N(C(=O)[C@H](C)N[C@@H](CCC)C(=O)OCC)[C@@]1([H])CCCC2)C(O)=O,C19H32N2O5,368.4678,368.2311221,368.472,-0.0272,7,2
DB01625,Isopropamide,CC(C)[N+](C)(CCC(C(N)=O)(C1=CC=CC=C1)C1=CC=CC=C1)C(C)C,C23H33N2O,353.5209,353.2592887,353.528,0.2241,2,1
DB01054,Nitrendipine,CCOC(=O)C1=C(C)NC(C)=C(C1C1=CC(=CC=C1)[N+]([O-])=O)C(=O)OC,C18H20N2O6,360.3612,360.1321364,360.365,1.9604,7,1
DB12313,Dopexamine,OC1=C(O)C=C(CCNCCCCCCNCCC2=CC=CC=C2)C=C1,C22H32N2O2,356.5017,356.2463783,356.508,3.8538,4,4
DB01987,Cocarboxylase,CC1=C(CCO[P@](O)(=O)O[P@](O)([O-])=O)SC=[N+]1CC1=CN=C(C)N=C1N,C12H18N4O7P2S,424.306,424.0371427,424.31,-10.421,10,3
DB08966,Fursultiamine,C\C(N(CC1=C(N)N=C(C)N=C1)C=O)=C(\CCO)SSCC1CCCO1,C17H26N4O3S2,398.543,398.1446321,398.55,2.2007,7,2
DB03808,Hexamidine,NC(=N)C1=CC=C(OCCCCCCOC2=CC=C(C=C2)C(N)=N)C=C1,C20H26N4O2,354.446,354.2055761,354.452,2.2088,6,4
DB01088,Iloprost,[H][C@]12C[C@@H](O)[C@H](\C=C\[C@@H](O)C(C)CC#CC)[C@@]1([H])C\C(C2)=C\CCCC(O)=O,C22H32O4,360.494,360.2300595,360.492,4.1896,4,3
DB11817,Baricitinib,CCS(=O)(=O)N1CC(CC#N)(C1)N1C=C(C=N1)C1=C2C=CNC2=NC=N1,C16H17N7O2S,371.42,371.116444,371.424,0.9715,9,1
DB00365,Grepafloxacin,CC1CN(CCN1)C1=C(F)C(C)=C2C(=O)C(=CN(C3CC3)C2=C1)C(O)=O,C19H22FN3O3,359.3947,359.1645198,359.4,-0.8578,6,2
DB01608,Periciazine,OC1CCN(CCCN2C3=CC=CC=C3SC3=C2C=C(C=C3)C#N)CC1,C21H23N3OS,365.492,365.1561831,365.5,4.1174,4,1
DB08950,Indoramin,O=C(NC1CCN(CCC2=CNC3=C2C=CC=C3)CC1)C1=CC=CC=C1,C22H25N3O,347.4534,347.1997624,347.461,3.4871,4,2
DB00247,Methysergide,[H][C@@]12CC3=CN(C)C4=C3C(=CC=C4)C1=C[C@H](CN2C)C(=O)NC(CC)CO,C21H27N3O2,353.458,353.2103271,353.464,1.4619,5,2
DB01137,Levofloxacin,C[C@H]1COC2=C3N1C=C(C(O)=O)C(=O)C3=CC(F)=C2N1CCN(C)CC1,C18H20FN3O4,361.3675,361.1437843,361.372,-0.3426,7,1
DB01165,Ofloxacin,CC1COC2=C3N1C=C(C(O)=O)C(=O)C3=CC(F)=C2N1CCN(C)CC1,C18H20FN3O4,361.3675,361.1437843,361.372,-0.3426,7,1
DB00656,Trazodone,ClC1=CC=CC(=C1)N1CCN(CCCN2N=C3C=CC=CN3C2=O)CC1,C19H22ClN5O,371.864,371.1512881,371.871,2.2135,6,0
DB16826,Repotrectinib,C[C@H]1CNC(=O)C2=C3N=C(N[C@H](C)C4=CC(F)=CC=C4O1)C=CN3N=C2,C18H18FN5O2,355.373,355.144453,355.372,0.9298,7,2
DB00670,Pirenzepine,CN1CCN(CC(=O)N2C3=CC=CC=C3C(=O)NC3=C2N=CC=C3)CC1,C19H21N5O2,351.4023,351.1695249,351.409,1.1634,7,1
DB05501,Mavorixafor,NCCCCN(CC1=NC2=CC=CC=C2N1)[C@H]1CCCC2=C1N=CC=C2,C21H27N5,349.482,349.2266459,349.48,2.2615,5,2
DB06209,Prasugrel,CC(=O)OC1=CC2=C(CCN(C2)C(C(=O)C2CC2)C2=CC=CC=C2F)S1,C20H20FNO3S,373.441,373.1147924,373.447,2.9463,4,0
DB00771,Clidinium,C[N@@+]12CC[C@@H](CC1)C(C2)OC(=O)C(O)(C1=CC=CC=C1)C1=CC=CC=C1,C22H26NO3,352.4467,352.1912687,352.452,-0.6144,3,1
DB09300,Butylscopolamine,CCCC[N+]1(C)[C@H]2C[C@@H](C[C@@H]1[C@H]1O[C@@H]21)OC(=O)[C@H](CO)C1=CC=CC=C1,C21H30NO4,360.473,360.2169349,360.472,-1.0066,4,1
DB01587,Ketazolam,CN1C2=C(C=C(Cl)C=C2)C2(OC(C)=CC(=O)N2CC1=O)C1=CC=CC=C1,C20H17ClN2O3,368.814,368.0927701,368.819,3.385,5,0
DB00933,Mesoridazine,CN1CCCCC1CCN1C2=C(SC3=C1C=C(C=C3)S(C)=O)C=CC=C2,C21H26N2OS2,386.574,386.1486548,386.582,4.5579,3,0
DB14655,Drostanolone propionate,[H][C@@]12CC[C@H](OC(=O)CC)[C@@]1(C)CC[C@@]1([H])[C@@]2([H])CC[C@@]2([H])CC(=O)[C@H](C)C[C@]12C,C23H36O3,360.538,360.266445,360.536,4.809,3,0
DB00741,Hydrocortisone,[H][C@@]12CC[C@](O)(C(=O)CO)[C@@]1(C)C[C@H](O)[C@@]1([H])[C@@]2([H])CCC2=CC(=O)CC[C@]12C,C21H30O5,362.4599,362.2093241,362.464,1.4168,5,3
DB00860,Prednisolone,[H][C@@]12CC[C@](O)(C(=O)CO)[C@@]1(C)C[C@H](O)[C@@]1([H])[C@@]2([H])CCC2=CC(=O)C=C[C@]12C,C21H28O5,360.444,360.193674,360.448,1.1414,5,3
DB00635,Prednisone,[H][C@@]12CC[C@](O)(C(=O)CO)[C@@]1(C)CC(=O)[C@@]1([H])[C@@]2([H])CCC2=CC(=O)C=C[C@]12C,C21H26O5,358.4281,358.1780239,358.432,1.2851,5,2
DB09091,Tixocortol,[H][C@@]12CC[C@](O)(C(=O)CS)[C@@]1(C)C[C@H](O)[C@@]1([H])[C@@]2([H])CCC2=CC(=O)CC[C@]12C,C21H30O4S,378.53,378.1864806,378.531,2.2763,4,2
DB15114,Vamorolone,C[C@@H]1C[C@H]2[C@@H]3CCC4=CC(=O)C=C[C@]4(C)C3=CC[C@]2(C)[C@@]1(O)C(=O)CO,C22H28O4,356.462,356.1987594,356.46,2.1583,4,2
DB09015,Canrenoic acid,[H][C@@]12CC[C@@](O)(CCC(O)=O)[C@@]1(C)CC[C@@]1([H])[C@@]2([H])C=CC2=CC(=O)CC[C@]12C,C22H30O4,358.478,358.2144094,358.476,3.1513,4,2
DB09164,Technetium Tc-99m disofenin,[99Tc].CC(C)C1=CC=CC(C(C)C)=C1NC(=O)CN(CC(O)=O)CC(O)=O,C18H26N2O5Tc,449.321,449.0904265,449.32,0.177,7,3
DB05812,Abiraterone,[H][C@@]12CC=C(C3=CC=CN=C3)[C@@]1(C)CC[C@@]1([H])[C@@]2([H])CC=C2C[C@@H](O)CC[C@]12C,C24H31NO,349.509,349.2405646,349.516,4.1835,2,1
DB01409,Tiotropium,[H][C@]12O[C@@]1([H])[C@]1([H])C[C@@]([H])(C[C@@]2([H])[N+]1(C)C)OC(=O)C(O)(C1=CC=CS1)C1=CC=CS1,C19H22NO4S2,392.512,392.0990246,392.519,-1.8071,4,1
DB01392,Yohimbine,[H][C@@]12CC[C@H](O)[C@H](C(=O)OC)[C@@]1([H])C[C@]1([H])N(CCC3=C1NC1=CC=CC=C31)C2,C21H26N2O3,354.4427,354.1943427,354.448,2.3512,5,2
DB01116,Trimethaphan,O=C1N(CC2=CC=CC=C2)C2C[S+]3CCCC3C2N1CC1=CC=CC=C1,C22H25N2OS,365.512,365.1687591,365.52,2.9527,3,0
DB00308,Ibutilide,CCCCCCCN(CC)CCCC(O)C1=CC=C(NS(C)(=O)=O)C=C1,C20H36N2O3S,384.576,384.2446637,384.583,3.6846,5,2
DB09376,Lapyrium,CCCCCCCCCCCC(=O)OCCNC(=O)C[N+]1=CC=CC=C1,C21H35N2O3,363.521,363.2642194,363.52,0.1767,4,1
DB19356,Carboprost,CCCCC[C@](C)(O)\C=C\[C@H]1[C@H](O)C[C@H](O)[C@@H]1C\C=C/CCCC(O)=O,C21H36O5,368.514,368.2562743,368.512,4.0297,5,4
DB00760,Meropenem,[H][C@]1([C@@H](C)O)C(=O)N2C(C(O)=O)=C(S[C@@H]3CN[C@@H](C3)C(=O)N(C)C)[C@H](C)[C@]12[H],C17H25N3O5S,383.463,383.1514916,383.468,-3.1042,8,3
DB08967,Dimetotiazine,CC(CN1C2=CC=CC=C2SC2=C1C=C(C=C2)S(=O)(=O)N(C)C)N(C)C,C19H25N3O2S2,391.55,391.1388194,391.559,3.1244,5,0
DB00482,Celecoxib,CC1=CC=C(C=C1)C1=CC(=NN1C1=CC=C(C=C1)S(N)(=O)=O)C(F)(F)F,C17H14F3N3O2S,381.372,381.075882,381.377,2.5888,5,1
DB06603,Panobinostat,CC1=C(CCNCC2=CC=C(\C=C\C(=O)NO)C=C2)C2=CC=CC=C2N1,C21H23N3O2,349.434,349.179027,349.433,2.6014,5,4
DB00213,Pantoprazole,COC1=C(OC)C(CS(=O)C2=NC3=C(N2)C=C(OC(F)F)C=C3)=NC=C1,C16H15F2N3O4S,383.37,383.0751331,383.374,1.5736,7,1
DB00562,Benzthiazide,NS(=O)(=O)C1=CC2=C(C=C1Cl)N=C(CSCC1=CC=CC=C1)NS2(=O)=O,C15H14ClN3O4S3,431.937,430.9834957,431.944,1.4118,7,2
DB00535,Cefdinir,[H][C@]12SCC(C=C)=C(N1C(=O)[C@H]2NC(=O)C(=N/O)\C1=CSC(N)=N1)C(O)=O,C14H13N5O5S2,395.414,395.0358099,395.419,0.00030002,10,4
DB12184,Gepirone,CC1(C)CC(=O)N(CCCCN2CCN(CC2)C2=NC=CC=N2)C(=O)C1,C19H29N5O2,359.474,359.2321252,359.472,1.4543,7,0
DB01418,Acenocoumarol,CC(=O)CC(C1=CC=C(C=C1)[N+]([O-])=O)C1=C(O)C2=CC=CC=C2OC1=O,C19H15NO6,353.3255,353.0899372,353.329,2.359,6,1
DB12401,Bromperidol,OC1(CCN(CCCC(=O)C2=CC=C(F)C=C2)CC1)C1=CC=C(Br)C=C1,C21H23BrFNO2,420.322,419.08962,420.321,4.4241,3,1
DB00502,Haloperidol,OC1(CCN(CCCC(=O)C2=CC=C(F)C=C2)CC1)C1=CC=C(Cl)C=C1,C21H23ClFNO2,375.864,375.1401349,375.87,4.3049,3,1
DB15463,Belzutifan,CS(=O)(=O)C1=CC=C(OC2=CC(=CC(F)=C2)C#N)C2=C1[C@H](O)[C@H](F)[C@@H]2F,C17H12F3NO4S,383.34,383.0439135,383.345,1.9065,5,1
DB09421,Protirelin,[H][C@@](CC1=CN=CN1)(NC(=O)[C@]1([H])CCC(=O)N1)C(=O)N1CCC[C@@]1([H])C(N)=O,C16H22N6O4,362.3837,362.1702532,362.389,-2.3544,10,4
DB01656,Roflumilast,FC(F)OC1=C(OCC2CC2)C=C(C=C1)C(=O)NC1=C(Cl)C=NC=C1Cl,C17H14Cl2F2N2O3,403.207,402.0349541,403.211,3.842,5,1
DB04847,Roxadustat,CC1=NC(C(=O)NCC(O)=O)=C(O)C2=C1C=C(OC1=CC=CC=C1)C=C2,C19H16N2O5,352.346,352.1059216,352.345,1.9237,7,3
DB00358,Mefloquine,OC(C1CCCCN1)C1=CC(=NC2=C1C=CC=C2C(F)(F)F)C(F)(F)F,C17H16F6N2O,378.3122,378.1166824,378.315,3.5076,3,2
DB01603,Meticillin,[H][C@]12SC(C)(C)[C@@H](N1C(=O)[C@H]2NC(=O)C1=C(OC)C=CC=C1OC)C(O)=O,C17H20N2O6S,380.415,380.1042071,380.42,1.3994,8,2
DB00578,Carbenicillin,[H][C@]12SC(C)(C)[C@@H](N1C(=O)[C@H]2NC(=O)C(C(O)=O)C1=CC=CC=C1)C(O)=O,C17H18N2O6S,378.4,378.088557,378.404,0.6887,8,3
DB00456,Cefalotin,[H][C@@]1(NC(=O)CC2=CC=CS2)C(=O)N2C(C(O)=O)=C(COC(C)=O)CS[C@]12[H],C16H16N2O6S2,396.438,396.0449776,396.443,0.5912,8,2
DB00557,Hydroxyzine,OCCOCCN1CCN(CC1)C(C1=CC=CC=C1)C1=CC=C(Cl)C=C1,C21H27ClN2O2,374.904,374.1761058,374.91,3.0698,4,1
DB00913,Anileridine,CCOC(=O)C1(CCN(CCC2=CC=C(N)C=C2)CC1)C1=CC=CC=C1,C22H28N2O2,352.4699,352.2150782,352.476,3.2426,4,1
DB09488,Acrivastine,[H]\C(CN1CCCC1)=C(\C1=CC=C(C)C=C1)C1=CC=CC(=N1)C(\[H])=C(/[H])C(O)=O,C22H24N2O2,348.4382,348.183778,348.445,1.7222,4,1
DB01228,Encainide,COC1=CC=C(C=C1)C(=O)NC1=CC=CC=C1CCC1CCCCN1C,C22H28N2O2,352.4699,352.2150782,352.476,4.2959,4,1
DB08439,Parecoxib,CCC(=O)NS(=O)(=O)C1=CC=C(C=C1)C1=C(C)ON=C1C1=CC=CC=C1,C19H18N2O4S,370.422,370.0987278,370.428,3.5137,6,1
DB11656,Rebamipide,OC(=O)C(CC1=CC(=O)NC2=C1C=CC=C2)NC(=O)C1=CC=C(Cl)C=C1,C19H15ClN2O4,370.79,370.0720347,370.791,1.6962,6,3
DB00307,Bexarotene,CC1=CC2=C(C=C1C(=C)C1=CC=C(C=C1)C(O)=O)C(C)(C)CCC2(C)C,C24H28O2,348.4779,348.2089301,348.484,4.799,2,1
DB06480,Prucalopride,COCCCN1CCC(CC1)NC(=O)C1=C2OCCC2=C(N)C(Cl)=C1,C18H26ClN3O3,367.87,367.1662694,367.875,2.1159,6,2
DB01129,Rabeprazole,COCCCOC1=C(C)C(CS(=O)C2=NC3=CC=CC=C3N2)=NC=C1,C18H21N3O3S,359.443,359.1303622,359.449,2.18,6,1
DB00412,Rosiglitazone,CN(CCOC1=CC=C(CC2SC(=O)NC2=O)C=C1)C1=CC=CC=N1,C18H19N3O3S,357.427,357.1147122,357.433,2.1619,6,1
DB00978,Lomefloxacin,CCN1C=C(C(O)=O)C(=O)C2=CC(F)=C(N3CCNC(C)C3)C(F)=C12,C17H19F2N3O3,351.3479,351.1394479,351.352,-1.2243,6,2
DB14975,Voxelotor,CC(C)N1N=CC=C1C1=C(COC2=CC=CC(O)=C2C=O)C=CC=N1,C19H19N3O3,337.379,337.1426415,337.378,2.2413,6,1
DB05154,Pretomanid,[O-][N+](=O)C1=CN2C[C@@H](COC2=N1)OCC1=CC=C(OC(F)(F)F)C=C1,C14H12F3N3O5,359.2574,359.0729051,359.259,2.811,7,0
DB01140,Cefadroxil,[H][C@]12SCC(C)=C(N1C(=O)[C@H]2NC(=O)[C@H](N)C1=CC=C(O)C=C1)C(O)=O,C16H17N3O5S,363.388,363.0888914,363.393,-2.3737,8,4
DB01060,Amoxicillin,[H][C@]12SC(C)(C)[C@@H](N1C(=O)[C@H]2NC(=O)[C@H](N)C1=CC=C(O)C=C1)C(O)=O,C16H19N3O5S,365.404,365.1045414,365.409,-2.0029,8,4
DB00613,Amodiaquine,CCN(CC)CC1=C(O)C=CC(NC2=C3C=CC(Cl)=CC3=NC=C2)=C1,C20H22ClN3O,355.861,355.14514,355.868,4.2018,4,2
DB05351,Dexlansoprazole,CC1=C(OCC(F)(F)F)C=CN=C1C[S@@](=O)C1=NC2=CC=CC=C2N1,C16H14F3N3O2S,369.36,369.0758824,369.366,2.7087,5,1
DB00448,Lansoprazole,CC1=C(OCC(F)(F)F)C=CN=C1CS(=O)C1=NC2=CC=CC=C2N1,C16H14F3N3O2S,369.361,369.075882,369.366,2.7087,5,1
DB01332,Ceftizoxime,[H][C@]12SCC=C(N1C(=O)[C@H]2NC(=O)C(=N/OC)\C1=CSC(N)=N1)C(O)=O,C13H13N5O5S2,383.403,383.0358099,383.408,-0.5055,10,3
DB00582,Voriconazole,C[C@@H](C1=NC=NC=C1F)[C@](O)(CN1C=NC=N1)C1=C(F)C=C(F)C=C1,C16H14F3N5O,349.3105,349.1150447,349.315,1.4751,6,1
DB06203,Alogliptin,CN1C(=O)C=C(N2CCC[C@@H](N)C2)N(CC2=C(C=CC=C2)C#N)C1=O,C18H21N5O2,339.3916,339.1695249,339.398,1.0117,7,1
DB04843,Mepenzolate,C[N+]1(C)CCCC(C1)OC(=O)C(O)(C1=CC=CC=C1)C1=CC=CC=C1,C21H26NO3,340.436,340.1912687,340.441,-0.7467,3,1
DB00940,Methantheline,CC[N+](C)(CC)CCOC(=O)C1C2=CC=CC=C2OC2=CC=CC=C12,C21H26NO3,340.436,340.1912687,340.441,0.2449,3,0
DB00768,Olopatadine,CN(C)CC\C=C1\C2=CC=CC=C2COC2=C1C=C(CC(O)=O)C=C2,C21H23NO3,337.4122,337.1677936,337.418,1.8025,4,1
DB00799,Tazarotene,CCOC(=O)C1=CN=C(C=C1)C#CC1=CC2=C(SCCC2(C)C)C=C1,C21H21NO2S,351.462,351.1292996,351.469,3.8565,3,0
DB00906,Tiagabine,CC1=C(SC=C1)C(=CCCN1CCC[C@H](C1)C(O)=O)C1=C(C)C=CS1,C20H25NO2S2,375.548,375.1326704,375.555,2.6673,3,1
DB00328,Indomethacin,COC1=CC2=C(C=C1)N(C(=O)C1=CC=C(Cl)C=C1)C(C)=C2CC(O)=O,C19H16ClNO4,357.788,357.0767857,357.792,4.0028,5,1
DB06217,Vernakalant,COC1=C(OC)C=C(CCO[C@@H]2CCCC[C@H]2N2CC[C@@H](O)C2)C=C1,C20H31NO4,349.471,349.2253085,349.469,2.643,5,1
DB01113,Papaverine,COC1=C(OC)C=C(CC2=NC=CC3=CC(OC)=C(OC)C=C23)C=C1,C20H21NO4,339.385,339.1470582,339.39,3.443,5,0
DB01132,Pioglitazone,CCC1=CN=C(CCOC2=CC=C(CC3SC(=O)NC3=O)C=C2)C=C1,C19H20N2O3S,356.439,356.1194632,356.445,3.0808,5,1
DB00383,Oxyphencyclimine,CN1CCCN=C1COC(=O)C(O)(C1CCCCC1)C1=CC=CC=C1,C20H28N2O3,344.4479,344.2099928,344.453,2.0672,5,1
DB02925,Piretanide,NS(=O)(=O)C1=CC(=CC(N2CCCC2)=C1OC1=CC=CC=C1)C(O)=O,C17H18N2O5S,362.4,362.0936424,362.405,1.7953,7,2
DB13337,Pheneticillin,[H][C@]12SC(C)(C)[C@@H](N1C(=O)[C@H]2NC(=O)C(C)OC1=CC=CC=C1)C(O)=O,C17H20N2O5S,364.42,364.1092929,364.421,1.4736,7,2
DB08943,Isoconazole,ClC1=CC(Cl)=C(C=C1)C(CN1C=CN=C1)OCC1=C(Cl)C=CC=C1Cl,C18H14Cl4N2O,416.129,413.9860239,416.134,4.8504,3,0
DB01110,Miconazole,ClC1=CC(Cl)=C(COC(CN2C=CN=C2)C2=C(Cl)C=C(Cl)C=C2)C=C1,C18H14Cl4N2O,416.129,413.9860239,416.134,4.8504,3,0
DB00813,Fentanyl,CCC(=O)N(C1CCN(CCC2=CC=CC=C2)CC1)C1=CC=CC=C1,C22H28N2O,336.4705,336.2201635,336.477,4.4164,3,0
DB01320,Fosphenytoin,OP(O)(=O)OCN1C(=O)NC(C1=O)(C1=CC=CC=C1)C1=CC=CC=C1,C16H15N2O6P,362.2739,362.0667727,362.277,-1.8214,8,3
DB01607,Ticarcillin,[H][C@]12SC(C)(C)[C@@H](N1C(=O)[C@H]2NC(=O)[C@H](C(O)=O)C1=CSC=C1)C(O)=O,C15H16N2O6S2,384.427,384.0449776,384.432,0.4731,8,3
DB01589,Quazepam,FC1=CC=CC=C1C1=NCC(=S)N(CC(F)(F)F)C2=C1C=C(Cl)C=C2,C17H11ClF4N2S,386.794,386.0267596,386.799,4.1954,2,0
DB09040,Efinaconazole,C[C@@H](N1CCC(=C)CC1)[C@](O)(CN1C=NC=N1)C1=C(F)C=C(F)C=C1,C18H22F2N4O,348.398,348.1761677,348.396,2.043,5,1
DB16267,Olutasidenib,C[C@H](NC1=CC=C(C#N)N(C)C1=O)C1=CC2=C(NC1=O)C=CC(Cl)=C2,C18H15ClN4O2,354.79,354.0883534,354.796,1.0386,6,2
DB00605,Sulindac,CC1=C(CC(O)=O)C2=CC(F)=CC=C2\C1=C/C1=CC=C(C=C1)S(C)=O,C20H17FO3S,356.411,356.0882433,356.416,3.1103,3,1
DB01406,Danazol,[H][C@@]12CC[C@@](O)(C#C)[C@@]1(C)CC[C@@]1([H])[C@@]2([H])CCC2=CC3=C(C[C@]12C)C=NO3,C22H27NO2,337.4553,337.2041791,337.461,3.4638,3,1
DB04115,Berberine,COC1=CC=C2C=C3C4=CC5=C(OCO5)C=C4CC[N+]3=CC2=C1OC,C20H18NO4,336.3612,336.1235831,336.366,0.5223,4,0
DB00693,Fluorescein,OC1=CC=C2C(OC3=CC(O)=CC=C3C22OC(=O)C3=C2C=CC=C3)=C1,C20H12O5,332.3063,332.0684735,332.31,3.7285,5,2
DB14082,Betiatide,OC(=O)CNC(=O)CNC(=O)CNC(=O)CSC(=O)C1=CC=CC=C1,C15H17N3O6S,367.38,367.0838065,367.381,-2.0255,9,4
DB00449,Dipivefrin,CNCC(O)C1=CC(OC(=O)C(C)(C)C)=C(OC(=O)C(C)(C)C)C=C1,C19H29NO5,351.4373,351.204573,351.441,2.8264,6,2
DB00770,Alprostadil,CCCCC[C@H](O)\C=C\[C@H]1[C@H](O)CC(=O)[C@@H]1CCCCCCC(O)=O,C20H34O5,354.487,354.2406242,354.485,4.045,5,3
DB00917,Dinoprostone,CCCCC[C@H](O)\C=C\[C@H]1[C@H](O)CC(=O)[C@@H]1C\C=C/CCCC(O)=O,C20H32O5,352.4651,352.2249741,352.469,3.7928,5,3
DB12789,Dinoprost,[H]\C(CCCC(O)=O)=C(/[H])C[C@@]1([H])[C@@]([H])(O)C[C@@]([H])(O)[C@]1([H])C(\[H])=C(/[H])[C@@]([H])(O)CCCCC,C20H34O5,354.487,354.2406242,354.485,3.6491,5,4
DB06230,Nalmefene,OC1=CC=C2C[C@H]3N(CC4CC4)CC[C@@]45[C@@H](OC1=C24)C(=C)CC[C@@]35O,C21H25NO3,339.435,339.1834437,339.434,2.5283,4,2
DB00704,Naltrexone,[H][C@@]12OC3=C(O)C=CC4=C3[C@@]11CCN(CC3CC3)[C@]([H])(C4)[C@]1(O)CCC2=O,C20H23NO4,341.4009,341.1627082,341.406,1.5768,5,2
DB14194,Zinc dibutyldithiocarbamate,[Zn++].CCCCN(CCCC)C([S-])=S.CCCCN(CCCC)C([S-])=S,C18H36N2S4Zn,474.12,472.105276,474.152,3.2047,1,0
DB09332,Kappadione,[Na+].[Na+].[Na+].[Na+].CC1=C(OP([O-])([O-])=O)C2=CC=CC=C2C(OP([O-])([O-])=O)=C1,C11H8Na4O8P2,422.084,421.9285183,422.085,-3.9835,8,4
DB00280,Disopyramide,CC(C)N(CCC(C(N)=O)(C1=CC=CC=C1)C1=NC=CC=C1)C(C)C,C21H29N3O,339.4745,339.2310626,339.481,2.215,4,1
DB01101,Capecitabine,CCCCCOC(=O)NC1=NC(=O)N(C=C1F)[C@@H]1O[C@H](C)[C@@H](O)[C@H]1O,C15H22FN3O6,359.3501,359.1492637,359.353,0.4743,9,3
DB00527,Cinchocaine,CCCCOC1=NC2=CC=CC=C2C(=C1)C(=O)NCCN(CC)CC,C20H29N3O2,343.4632,343.2259772,343.469,3.5233,5,1
DB01324,Polythiazide,CN1C(CSCC(F)(F)F)NC2=CC(Cl)=C(C=C2S1(=O)=O)S(N)(=O)=O,C11H13ClF3N3O4S3,439.882,438.9708803,439.886,1.5262,7,2
DB06288,Amisulpride,CCN1CCCC1CNC(=O)C1=CC(=C(N)C=C1OC)S(=O)(=O)CC,C17H27N3O4S,369.479,369.1722271,369.484,0.6656,7,2
DB00219,Oxyphenonium,CC[N+](C)(CC)CCOC(=O)C(O)(C1CCCCC1)C1=CC=CC=C1,C21H34NO3,348.4996,348.253869,348.505,0.0057999,3,1
DB01182,Propafenone,CCCNCC(O)COC1=C(C=CC=C1)C(=O)CCC1=CC=CC=C1,C21H27NO3,341.444,341.1990937,341.449,3.0837,4,2
DB00647,Dextropropoxyphene,CCC(=O)O[C@@](CC1=CC=CC=C1)([C@H](C)CN(C)C)C1=CC=CC=C1,C22H29NO2,339.4712,339.2198292,339.477,4.2826,3,0
DB01393,Bezafibrate,CC(C)(OC1=CC=C(CCNC(=O)C2=CC=C(Cl)C=C2)C=C1)C(O)=O,C19H20ClNO4,361.819,361.1080858,361.824,3.3525,5,2
DB01023,Felodipine,CCOC(=O)C1=C(C)NC(C)=C(C1C1=C(Cl)C(Cl)=CC=C1)C(=O)OC,C18H19Cl2NO4,384.254,383.0691135,384.258,4.094,5,1
DB00887,Bumetanide,CCCCNC1=C(OC2=CC=CC=C2)C(=CC(=C1)C(O)=O)S(N)(=O)=O,C17H20N2O5S,364.416,364.1092925,364.421,2.2664,7,3
DB09477,Enalaprilat,[H][C@@](C)(N[C@@]([H])(CCC1=CC=CC=C1)C(O)=O)C(=O)N1CCC[C@@]1([H])C(O)=O,C18H24N2O5,348.3936,348.1685219,348.398,-0.8587,7,3
DB01145,Sulfoxone,OS(=O)CNC1=CC=C(C=C1)S(=O)(=O)C1=CC=C(NCS(O)=O)C=C1,C14H16N2O6S3,404.482,404.0170483,404.487,-2.175,8,4
DB01115,Nifedipine,COC(=O)C1=C(C)NC(C)=C(C1C1=CC=CC=C1[N+]([O-])=O)C(=O)OC,C17H18N2O6,346.3346,346.1164863,346.338,1.5541,7,1
DB01274,Arformoterol,COC1=CC=C(C[C@@H](C)NC[C@H](O)C2=CC(NC=O)=C(O)C=C2)C=C1,C19H24N2O4,344.4049,344.1736073,344.41,1.5007,6,4
DB00983,Formoterol,COC1=CC=C(CC(C)NCC(O)C2=CC(NC=O)=C(O)C=C2)C=C1,C19H24N2O4,344.4049,344.1736073,344.41,1.5007,6,4
DB00738,Pentamidine,NC(=N)C1=CC=C(OCCCCCOC2=CC=C(C=C2)C(N)=N)C=C1,C19H24N4O2,340.4195,340.189926,340.426,1.7544,6,4
DB01240,Epoprostenol,[H][C@]12C[C@@H](O)[C@H](\C=C\[C@@H](O)CCCCC)[C@@]1([H])C\C(O2)=C\CCCC(O)=O,C20H32O5,352.4651,352.2249741,352.469,3.4673,5,3
DB01039,Fenofibrate,CC(C)OC(=O)C(C)(C)OC1=CC=C(C=C1)C(=O)C1=CC=C(Cl)C=C1,C20H21ClO4,360.831,360.1128369,360.836,4.389,4,0
DB00353,Methylergometrine,[H][C@@]12CC3=CNC4=CC=CC(=C34)C1=C[C@H](CN2C)C(=O)N[C@@H](CC)CO,C20H25N3O2,339.4314,339.1946771,339.438,1.3291,5,3
DB00433,Prochlorperazine,CN1CCN(CCCN2C3=CC=CC=C3SC3=C2C=C(Cl)C=C3)CC1,C20H24ClN3S,373.943,373.1379462,373.951,4.6853,3,0
DB09219,Bisoxatin,OC1=CC=C(C=C1)C1(OC2=CC=CC=C2NC1=O)C1=CC=C(O)C=C1,C20H15NO4,333.343,333.100108,333.342,2.6167,5,3
DB15669,Fezolinetant,C[C@H]1N(CCN2C1=NN=C2C1=NC(C)=NS1)C(=O)C1=CC=C(F)C=C1,C16H15FN6OS,358.4,358.1012085,358.4,2.8067,7,0
DB00589,Lisuride,[H][C@@]12CC3=CNC4=CC=CC(=C34)C1=C[C@@H](CN2C)NC(=O)N(CC)CC,C20H26N4O,338.4466,338.2106615,338.453,2.0555,5,2
DB19378,Megestrol,[H][C@@]12CC[C@](O)(C(C)=O)[C@@]1(C)CC[C@@]1([H])[C@@]2([H])C=C(C)C2=CC(=O)CC[C@]12C,C22H30O3,342.479,342.2194948,342.477,3.3604,3,1
DB00253,Medrysone,[H][C@@]12CC[C@H](C(C)=O)[C@@]1(C)C[C@H](O)[C@@]1([H])[C@@]2([H])C[C@H](C)C2=CC(=O)CC[C@]12C,C22H32O3,344.4877,344.2351449,344.493,3.4362,3,1
DB01420,Testosterone propionate,[H][C@@]12CC[C@H](OC(=O)CC)[C@@]1(C)CC[C@@]1([H])[C@@]2([H])CCC2=CC(=O)CC[C@]12C,C22H32O3,344.4877,344.2351449,344.493,4.4352,3,0
DB00266,Dicoumarol,OC1=C(CC2=C(O)C3=C(OC2=O)C=CC=C3)C(=O)OC2=C1C=CC=C2,C19H12O6,336.295,336.0633881,336.298,2.588,6,2
DB09124,Medrogestone,[H][C@@]12CC[C@](C)(C(C)=O)[C@@]1(C)CC[C@@]1([H])[C@@]2([H])C=C(C)C2=CC(=O)CC[C@]12C,C23H32O2,340.507,340.2402303,340.505,4.5153,2,0
DB14083,Bisphenol A diglycidyl ether,CC(C)(C1=CC=C(OCC2CO2)C=C1)C1=CC=C(OCC2CO2)C=C1,C21H24O4,340.4129,340.1674593,340.418,2.6485,4,0
DB14485,Zinc ascorbate,[Zn++].[H][C@@]1(OC(=O)C(O)=C1[O-])[C@@H](O)CO.[H][C@@]1(OC(=O)C(O)=C1[O-])[C@@H](O)CO,C12H14O12Zn,415.61,413.977668,415.621,-2.4646,6,4
DB14490,Ferrous ascorbate,[Fe++].[H][C@](O)(CO)[C@@]1([H])OC(=O)C(O)=C1O.[H][C@](O)(CO)[C@@]1([H])OC(=O)C([O-])=C1[O-],C12H14FeO12,406.077,405.983462,406.076,-2.4646,6,4
DB14484,Magnesium ascorbate,[Mg++].[H][C@@]1(OC(=O)C(O)=C1[O-])[C@@H](O)CO.[H][C@@]1(OC(=O)C(O)=C1[O-])[C@@H](O)CO,C12H14MgO12,374.537,374.0335676,374.536,-2.4646,6,4
DB14483,Calcium ascorbate,[Ca++].OC[C@H](O)[C@H]1OC(=O)C(O)=C1[O-].OC[C@H](O)[C@H]1OC(=O)C(O)=C1[O-],C12H14CaO12,390.31,390.0111168,390.309,-2.4646,6,4
DB09137,Technetium Tc-99m mebrofenin,[Tc].CC1=CC(C)=C(Br)C(C)=C1NC(=O)CN(CC(O)=O)CC(O)=O,C15H19BrN2O5Tc,484.23,483.05,486.135,-0.4401,7,3
DB11936,Bempedoic acid,CC(C)(CCCCCC(O)CCCCCC(C)(C)C(O)=O)C(O)=O,C19H36O5,344.492,344.2562743,344.49,4.8782,5,3
DB11180,Tetrofosmin,CCOCCP(CCOCC)CCP(CCOCC)CCOCC,C18H40O4P2,382.462,382.2401838,382.46,2.4718,4,0
DB00537,Ciprofloxacin,OC(=O)C1=CN(C2CC2)C2=CC(N3CCNCC3)=C(F)C=C2C1=O,C17H18FN3O3,331.3415,331.1332197,331.346,-1.5264,6,2
DB12332,Rucaparib,CNCC1=CC=C(C=C1)C1=C2CCNC(=O)C3=C2C(N1)=CC(F)=C3,C19H18FN3O,323.371,323.1433904,323.37,2.5426,4,3
DB11560,Lesinurad,OC(=O)CSC1=NN=C(Br)N1C1=CC=C(C2CC2)C2=C1C=CC=C2,C17H14BrN3O2S,404.28,402.999011,404.287,4.1044,5,1
DB01253,Ergometrine,[H][C@@]12CC3=CNC4=CC=CC(=C34)C1=C[C@H](CN2C)C(=O)N[C@@H](C)CO,C19H23N3O2,325.4048,325.179027,325.411,0.8747,5,3
DB00606,Cyclothiazide,NS(=O)(=O)C1=C(Cl)C=C2NC(NS(=O)(=O)C2=C1)C1CC2CC1C=C2,C14H16ClN3O4S2,389.878,389.0270751,389.883,0.9443,7,3
DB12710,Perazine,CN1CCN(CCCN2C3=CC=CC=C3SC3=CC=CC=C23)CC1,C20H25N3S,339.5,339.176919,339.505,4.0793,3,0
DB00298,Dapiprazole,CC1=CC=CC=C1N1CCN(CCC2=NN=C3CCCCN23)CC1,C19H27N5,325.4512,325.2266459,325.458,2.867,5,0
DB00715,Paroxetine,FC1=CC=C(C=C1)[C@@H]1CCNC[C@H]1COC1=CC2=C(OCO2)C=C1,C19H20FNO3,329.3654,329.1427217,329.37,3.9891,4,1
DB06713,Norelgestromin,[H][C@@]12CC[C@@](O)(C#C)[C@@]1(CC)CC[C@]1([H])[C@@]3([H])CCC(C=C3CC[C@@]21[H])=NO,C21H29NO2,327.468,327.2198292,327.466,4.1594,3,2
DB00468,Quinine,[H][C@]1(C[C@@H]2CC[N@]1C[C@@H]2C=C)[C@H](O)C1=CC=NC2=CC=C(OC)C=C12,C20H24N2O2,324.4168,324.183778,324.423,2.6104,4,1
DB00908,Quinidine,[H][C@@]12CCN(C[C@@H]1C=C)[C@]([H])(C2)[C@@H](O)C1=C2C=C(OC)C=CC2=NC=C1,C20H24N2O2,324.4168,324.183778,324.423,2.6104,4,1
DB04794,Bifonazole,C1=CN(C=N1)C(C1=CC=CC=C1)C1=CC=C(C=C1)C1=CC=CC=C1,C22H18N2,310.3917,310.1469986,310.399,4.7577,2,0
DB00305,Mitomycin,[H][C@]12CN3C4=C([C@@H](COC(N)=O)[C@@]3(OC)[C@@]1([H])N2)C(=O)C(N)=C(C)C4=O,C15H18N4O5,334.3272,334.1277197,334.331,-1.8035,9,3
DB11793,Niraparib,NC(=O)C1=CC=CC2=CN(N=C12)C1=CC=C(C=C1)[C@@H]1CCCNC1,C19H20N4O,320.396,320.1637113,320.395,2.0619,5,2
DB01185,Fluoxymesterone,[H][C@@]12CC[C@](C)(O)[C@@]1(C)C[C@H](O)[C@@]1(F)[C@@]2([H])CCC2=CC(=O)CC[C@]12C,C20H29FO3,336.4409,336.210073,336.445,2.8198,3,2
DB06412,Oxymetholone,[H][C@@]12CC[C@](C)(O)[C@@]1(C)CC[C@@]1([H])[C@@]2([H])CC[C@@]2([H])CC(=O)\C(C[C@]12C)=C/O,C21H32O3,332.484,332.2351449,332.482,3.1542,3,2
DB11636,Nomegestrol,CC(=O)[C@@]1(O)CC[C@H]2[C@@H]3C=C(C)C4=CC(=O)CC[C@@H]4[C@H]3CC[C@]12C,C21H28O3,328.452,328.2038448,328.45,3.0289,3,1
DB04574,Estrone sulfate,[H][C@@]12CCC(=O)[C@@]1(C)CC[C@]1([H])C3=C(CC[C@@]21[H])C=C(OS(O)(=O)=O)C=C3,C18H22O5S,350.429,350.1187945,350.434,2.4043,5,1
DB05087,Ganaxolone,[H][C@@]12CC[C@H](C(C)=O)[C@@]1(C)CC[C@@]1([H])[C@@]2([H])CC[C@@]2([H])C[C@](C)(O)CC[C@]12C,C22H36O2,332.528,332.2715304,332.526,4.2778,2,1
DB00294,Etonogestrel,[H][C@@]12CC[C@@](O)(C#C)[C@@]1(CC)CC(=C)[C@]1([H])[C@@]3([H])CCC(=O)C=C3CC[C@@]21[H],C22H28O2,324.4565,324.2089301,324.462,3.7811,2,1
DB04824,Phenolphthalein,OC1=CC=C(C=C1)C1(OC(=O)C2=CC=CC=C12)C1=CC=C(O)C=C1,C20H14O4,318.3228,318.0892089,318.327,3.5382,4,2
DB01426,Ajmaline,[H][C@]12C[C@]34[C@H](O)C1[C@@]1([H])C[C@]([H])(N2[C@H](O)[C@H]1CC)[C@]3([H])N(C)C1=CC=CC=C41,C20H26N2O2,326.4326,326.1994281,326.438,1.791,4,2
DB13781,Xamoterol,OC(CNCCNC(=O)N1CCOCC1)COC1=CC=C(O)C=C1,C16H25N3O5,339.392,339.1794209,339.39,-0.4357,8,4
DB15097,Gefapixant,COC1=C(C=C(OC2=CN=C(N)N=C2N)C(=C1)C(C)C)S(N)(=O)=O,C14H19N5O4S,353.4,353.1157753,353.402,0.7393,9,3
DB11186,Pentoxyverine,CCN(CC)CCOCCOC(=O)C1(CCCC1)C1=CC=CC=C1,C20H31NO3,333.472,333.2303939,333.47,2.7979,4,0
DB13286,Bumadizone,CCCCC(C(O)=O)C(=O)N(NC1=CC=CC=C1)C1=CC=CC=C1,C19H22N2O3,326.396,326.1630426,326.395,4.4253,5,2
DB00598,Labetalol,CC(CCC1=CC=CC=C1)NCC(O)C1=CC(C(N)=O)=C(O)C=C1,C19H24N2O3,328.4055,328.1786926,328.411,1.7795,5,4
DB13273,Sultopride,CCN1CCCC1CNC(=O)C1=CC(=CC=C1OC)S(=O)(=O)CC,C17H26N2O4S,354.47,354.1613285,354.469,1.3429,6,1
DB00214,Torasemide,CC(C)NC(=O)NS(=O)(=O)C1=C(NC2=CC=CC(C)=C2)C=CN=C1,C16H20N4O3S,348.42,348.1256112,348.426,2.2097,7,3
DB09350,Piperonyl butoxide,CCCCOCCOCCOCC1=CC2=C(OCO2)C=C1CCC,C19H30O5,338.4385,338.2093241,338.442,3.9456,5,0
DB00487,Pefloxacin,CCN1C=C(C(O)=O)C(=O)C2=CC(F)=C(C=C12)N1CCN(C)CC1,C17H20FN3O3,333.3574,333.1488697,333.362,-0.26,6,1
DB00338,Omeprazole,COC1=CC2=C(C=C1)N=C(N2)S(=O)CC1=NC=C(C)C(OC)=C1C,C17H19N3O3S,345.416,345.1147122,345.422,2.092,6,1
DB00736,Esomeprazole,COC1=CC2=C(NC(=N2)[S@@](=O)CC2=NC=C(C)C(OC)=C2C)C=C1,C17H19N3O3S,345.416,345.1147122,345.422,2.092,6,1
DB00524,Metolazone,CC1NC2=CC(Cl)=C(C=C2C(=O)N1C1=CC=CC=C1C)S(N)(=O)=O,C16H16ClN3O3S,365.835,365.0600898,365.84,2.4448,6,2
DB00808,Indapamide,CC1CC2=CC=CC=C2N1NC(=O)C1=CC(=C(Cl)C=C1)S(N)(=O)=O,C16H16ClN3O3S,365.835,365.0600898,365.84,1.9173,6,2
DB11739,Vonoprazan,CNCC1=CN(C(=C1)C1=CC=CC=C1F)S(=O)(=O)C1=CC=CN=C1,C17H16FN3O2S,345.39,345.0947261,345.397,0.8398,5,1
DB01333,Cefradine,[H][C@]12SCC(C)=C(N1C(=O)[C@H]2NC(=O)[C@H](N)C1=CCC=CC1)C(O)=O,C16H19N3O4S,349.405,349.1096268,349.41,-2.003,7,3
DB00567,Cephalexin,[H][C@]12SCC(C)=C(N1C(=O)[C@H]2NC(=O)[C@H](N)C1=CC=CC=C1)C(O)=O,C16H17N3O4S,347.389,347.0939767,347.394,-2.028,7,3
DB00415,Ampicillin,[H][C@]12SC(C)(C)[C@@H](N1C(=O)[C@H]2NC(=O)[C@H](N)C1=CC=CC=C1)C(O)=O,C16H19N3O4S,349.405,349.1096268,349.41,-1.6572,7,3
DB00447,Loracarbef,N[C@@H](C(=O)N[C@H]1[C@H]2CCC(Cl)=C(N2C1=O)C(O)=O)C1=CC=CC=C1,C16H16ClN3O4,349.769,349.0829337,349.773,-2.431,7,3
DB00601,Linezolid,CC(=O)NC[C@H]1CN(C(=O)O1)C1=CC(F)=C(C=C1)N1CCOCC1,C16H20FN3O4,337.3461,337.1437843,337.35,0.5203,7,1
DB00833,Cefaclor,[H][C@]12SCC(Cl)=C(N1C(=O)[C@H]2NC(=O)[C@H](N)C1=CC=CC=C1)C(O)=O,C15H14ClN3O4S,367.807,367.0393543,367.812,-2.0489,7,3
DB06234,Maribavir,CC(C)NC1=NC2=CC(Cl)=C(Cl)C=C2N1[C@H]1O[C@@H](CO)[C@H](O)[C@@H]1O,C15H19Cl2N3O4,376.23,375.0752615,376.239,1.8607,7,4
DB06193,Pixantrone,NCCNC1=CC=C(NCCN)C2=C1C(=O)C1=C(C=NC=C1)C2=O,C17H19N5O2,325.372,325.1538749,325.371,-0.5099,7,4
DB00332,Ipratropium,[H][C@]12CC[C@]([H])(C[C@@H](C1)OC(=O)C(CO)C1=CC=CC=C1)[N+]2(C)C(C)C,C20H30NO3,332.463,332.2220203,332.462,-0.4063,3,1
DB06814,Protokylol,CC(CC1=CC=C2OCOC2=C1)NCC(O)C1=CC=C(O)C(O)=C1,C18H21NO5,331.368,331.1419728,331.367,2.0035,6,4
DB00283,Clemastine,CN1CCC[C@@H]1CCO[C@](C)(C1=CC=CC=C1)C1=CC=C(Cl)C=C1,C21H26ClNO,343.89,343.1702922,343.896,4.5988,2,0
DB00462,Methscopolamine bromide,[Br-].[H][C@@]12O[C@]1([H])[C@H]1C[C@H](C[C@@H]2[N+]1(C)C)OC(=O)[C@H](CO)C1=CC=CC=C1,C18H24BrNO4,398.297,397.088871,398.296,-2.3217,4,1
DB12938,Isoxaflutole,[H]C1=NOC(=C1C(=O)C1=C(C([H])=C(C([H])=C1[H])C(F)(F)F)S(=O)(=O)C([H])([H])[H])C1([H])C([H])([H])C1([H])[H],C15H12F3NO4S,359.32,359.0439132,359.323,2.215,5,0
DB03585,Oxyphenbutazone,CCCCC1C(=O)N(N(C1=O)C1=CC=C(O)C=C1)C1=CC=CC=C1,C19H20N2O3,324.3737,324.1473925,324.379,2.8512,5,1
DB00417,Phenoxymethylpenicillin,[H][C@]12SC(C)(C)[C@@H](N1C(=O)[C@H]2NC(=O)COC1=CC=CC=C1)C(O)=O,C16H18N2O5S,350.39,350.0936424,350.394,1.1143,7,2
DB01127,Econazole,ClC1=CC=C(COC(CN2C=CN=C2)C2=C(Cl)C=C(Cl)C=C2)C=C1,C18H15Cl3N2O,381.684,380.0249962,381.689,4.2444,3,0
DB00777,Propiomazine,CCC(=O)C1=CC2=C(SC3=CC=CC=C3N2CC(C)N(C)C)C=C1,C20H24N2OS,340.482,340.1609341,340.49,4.2314,3,0
DB01175,Escitalopram,CN(C)CCC[C@]1(OCC2=C1C=CC(=C2)C#N)C1=CC=C(F)C=C1,C20H21FN2O,324.3919,324.1637915,324.398,2.7864,3,0
DB00215,Citalopram,CN(C)CCCC1(OCC2=C1C=CC(=C2)C#N)C1=CC=C(F)C=C1,C20H21FN2O,324.3919,324.1637915,324.398,2.7864,3,0
DB00801,Halazepam,FC(F)(F)CN1C2=C(C=C(Cl)C=C2)C(=NCC1=O)C1=CC=CC=C1,C17H12ClF3N2O,352.738,352.0590253,352.742,3.8752,3,0
DB01628,Etoricoxib,CC1=NC=C(C=C1)C1=C(C=C(Cl)C=N1)C1=CC=C(C=C1)S(C)(=O)=O,C18H15ClN2O2S,358.842,358.0542761,358.848,3.0731,4,0
DB00508,Triflupromazine,CN(C)CCCN1C2=CC=CC=C2SC2=C1C=C(C=C2)C(F)(F)F,C18H19F3N2S,352.417,352.1221039,352.423,4.8492,2,0
DB13155,Esculin,OC[C@H]1O[C@@H](OC2=C(O)C=C3OC(=O)C=CC3=C2)[C@H](O)[C@@H](O)[C@@H]1O,C15H16O9,340.284,340.0794321,340.283,-1.1833,9,5
DB00400,Griseofulvin,COC1=CC(OC)=C(Cl)C2=C1C(=O)[C@]1(O2)[C@H](C)CC(=O)C=C1OC,C17H17ClO6,352.766,352.071366,352.769,2.3697,6,0
DB01108,Trilostane,[H][C@@]12CC[C@H](O)[C@@]1(C)CC[C@@]1([H])[C@@]2([H])CC[C@@]23O[C@@H]2C(O)=C(C[C@]13C)C#N,C20H27NO3,329.4333,329.1990937,329.438,2.0986,4,2
DB00611,Butorphanol,[H][C@@]12CC3=C(C=C(O)C=C3)[C@]3(CCCC[C@@]13O)CCN2CC1CCC1,C21H29NO2,327.4605,327.2198292,327.466,3.1437,3,2
DB01183,Naloxone,OC1=CC=C2C[C@H]3N(CC=C)CC[C@@]45[C@@H](OC1=C24)C(=O)CC[C@@]35O,C19H21NO4,327.3743,327.1470582,327.379,1.5276,5,2
DB00757,Dolasetron,[H][C@@]1(C[C@@]2([H])C[C@]3([H])C[C@@]([H])(C1)N2CC3=O)OC(=O)C1=CNC2=C1C=CC=C2,C19H20N2O3,324.38,324.1473925,324.379,2.2352,5,1
DB06718,Stanozolol,[H][C@@]12CC[C@](C)(O)[C@@]1(C)CC[C@@]1([H])[C@@]2([H])CC[C@@]2([H])CC3=NNC=C3C[C@]12C,C21H32N2O,328.4916,328.2514637,328.498,3.3191,3,2
DB15934,Ferric glycerophosphate,[Fe++].[Fe++].OCC(O)COP([O-])([O-])=O.OCCC(CCO)OP([O-])([O-])=O,C8H18Fe2O12P2,479.858,479.897222,479.857,-3.7786,6,4
DB04822,Oxeladin,CCN(CC)CCOCCOC(=O)C(CC)(CC)C1=CC=CC=C1,C20H33NO3,335.4809,335.2460439,335.486,3.7218,4,0
DB11594,Domiphen,CCCCCCCCCCCC[N+](C)(C)CCOC1=CC=CC=C1,C22H40NO,334.567,334.3104413,334.566,3.3019,1,0
DB01597,Cilastatin,CC1(C)C[C@@H]1C(=O)N\C(=C/CCCCSC[C@H](N)C(O)=O)C(O)=O,C16H26N2O5S,358.453,358.1562426,358.457,-0.8388,7,4
DB01193,Acebutolol,CCCC(=O)NC1=CC=C(OCC(O)CNC(C)C)C(=C1)C(C)=O,C18H28N2O4,336.4259,336.2049074,336.43,1.7048,6,3
DB09081,Idebenone,COC1=C(OC)C(=O)C(CCCCCCCCCCO)=C(C)C1=O,C19H30O5,338.444,338.2093241,338.442,3.9839,5,1
DB08872,Gabapentin enacarbil,CC(C)C(=O)OC(C)OC(=O)NCC1(CC(O)=O)CCCCC1,C16H27NO6,329.393,329.1838376,329.391,1.9737,7,2
DB00612,Bisoprolol,CC(C)NCC(O)COC1=CC=C(COCCOC(C)C)C=C1,C18H31NO4,325.443,325.2253085,325.447,1.7248,5,2
DB15779,Mebrofenin,CC1=CC(C)=C(Br)C(C)=C1NC(=O)CN(CC(O)=O)CC(O)=O,C15H19BrN2O5,387.23,386.047735,387.229,-0.4401,7,3
DB09570,Ixazomib,CC(C)C[C@H](NC(=O)CNC(=O)C1=CC(Cl)=CC=C1Cl)B(O)O,C14H19BCl2N2O4,361.03,360.081492,361.032,3.2907,6,4
DB06335,Saxagliptin,[H][C@@]12C[C@]1([H])N([C@@H](C2)C#N)C(=O)[C@@H](N)C12CC3CC(CC(O)(C3)C1)C2,C18H25N3O2,315.41,315.1946771,315.415,0.3497,5,2
DB00497,Oxycodone,COC1=C2O[C@H]3C(=O)CC[C@@]4(O)[C@H]5CC(C=C1)=C2[C@@]34CCN5C,C18H21NO4,315.3636,315.1470582,315.368,1.1281,5,1
DB13246,Quinupramine,C1CN2CCC1C(C2)N1C2=CC=CC=C2CCC2=CC=CC=C12,C21H24N2,304.437,304.1939488,304.436,4.3701,2,0
DB14598,Edetate calcium disodium anhydrous,[Na+].[Na+].[Ca++].[O-]C(=O)CN(CCN(CC([O-])=O)CC([O-])=O)CC([O-])=O,C10H12CaN2Na2O8,374.268,374.0014959,374.269,-6.1434,10,4
DB01544,Flunitrazepam,CN1C2=C(C=C(C=C2)[N+]([O-])=O)C(=NCC1=O)C1=CC=CC=C1F,C16H12FN3O3,313.2832,313.0862695,313.287,1.5578,5,0
DB01059,Norfloxacin,CCN1C=C(C(O)=O)C(=O)C2=CC(F)=C(C=C12)N1CCNCC1,C16H18FN3O3,319.3308,319.1332197,319.335,-1.6498,6,2
DB08942,Isoxicam,CN1C(C(=O)NC2=NOC(C)=C2)=C(O)C2=C(C=CC=C2)S1(=O)=O,C14H13N3O5S,335.335,335.0575912,335.339,1.0154,8,2
DB09084,Benzydamine,CN(C)CCCOC1=NN(CC2=CC=CC=C2)C2=CC=CC=C12,C19H23N3O,309.413,309.1841124,309.412,2.8319,4,0
DB00425,Zolpidem,CN(C)C(=O)CC1=C(N=C2C=CC(C)=CN12)C1=CC=C(C)C=C1,C19H21N3O,307.3895,307.1684623,307.396,2.7975,4,0
DB00952,Naratriptan,CNS(=O)(=O)CCC1=CC2=C(NC=C2C2CCN(C)CC2)C=C1,C17H25N3O2S,335.464,335.1667477,335.471,2.5951,5,2
DB00918,Almotriptan,CN(C)CCC1=CNC2=C1C=C(CS(=O)(=O)N1CCCC1)C=C2,C17H25N3O2S,335.464,335.1667477,335.471,1.8506,5,1
DB13532,Cyclopenthiazide,NS(=O)(=O)C1=CC2=C(NC(CC3CCCC3)NS2(=O)=O)C=C1Cl,C13H18ClN3O4S2,379.87,379.0427261,379.888,1.4287,7,3
DB06725,Lornoxicam,CN1C(C(=O)NC2=CC=CC=N2)=C(O)C2=C(C=C(Cl)S2)S1(=O)=O,C13H10ClN3O4S2,371.81,370.9801259,371.824,1.8836,7,2
DB00554,Piroxicam,CN1C(C(=O)NC2=NC=CC=C2)=C(O)C2=C(C=CC=C2)S1(=O)=O,C15H13N3O4S,331.346,331.0626766,331.351,1.2063,7,2
DB01000,Cyclacillin,[H][C@]12SC(C)(C)[C@@H](N1C(=O)[C@H]2NC(=O)C1(N)CCCCC1)C(O)=O,C15H23N3O4S,341.426,341.1409269,341.431,-1.5083,7,3
DB00814,Meloxicam,CN1C(C(=O)NC2=NC=C(C)S2)=C(O)C2=C(C=CC=C2)S1(=O)=O,C14H13N3O4S2,351.401,351.0347473,351.406,1.9072,7,2
DB00962,Zaleplon,CCN(C(C)=O)C1=CC=CC(=C1)C1=CC=NC2=C(C=NN12)C#N,C17H15N5O,305.3339,305.1276601,305.34,1.5075,6,0
DB00986,Glycopyrronium,C[N+]1(C)CCC(C1)OC(=O)C(O)(C1CCCC1)C1=CC=CC=C1,C19H28NO3,318.4305,318.2069188,318.435,-0.8524,3,1
DB04844,Tetrabenazine,COC1=C(OC)C=C2C3CC(=O)C(CC(C)C)CN3CCC2=C1,C19H27NO3,317.4226,317.1990937,317.427,3.3076,4,0
DB00234,Reboxetine,[H][C@@]1(CNCCO1)[C@H](OC1=CC=CC=C1OCC)C1=CC=CC=C1,C19H23NO3,313.397,313.1677936,313.396,2.5587,4,1
DB01231,Diphenidol,OC(CCCN1CCCCC1)(C1=CC=CC=C1)C1=CC=CC=C1,C21H27NO,309.4452,309.2092645,309.451,4.0366,2,1
DB08824,Ioflupane I-123,[H][C@]12CC[C@]([H])([C@H]([C@H](C1)C1=CC=C([123I])C=C1)C(=O)OC)N2CCCF,C18H23FINO2,427.291,427.0768801,427.289,3.5911,3,0
DB08895,Tofacitinib,C[C@@H]1CCN(C[C@@H]1N(C)C1=NC=NC2=C1C=CN2)C(=O)CC#N,C16H20N6O,312.3696,312.1698593,312.376,1.1936,7,1
DB00919,Spectinomycin,[H][C@@]12O[C@H](C)CC(=O)[C@]1(O)O[C@]1([H])[C@@H](NC)[C@@H](O)[C@@H](NC)[C@H](O)[C@@]1([H])O2,C14H24N2O7,332.3496,332.1583511,332.352,-3.1536,9,5
DB01403,Methotrimeprazine,COC1=CC2=C(SC3=C(C=CC=C3)N2C[C@H](C)CN(C)C)C=C1,C19H24N2OS,328.472,328.1609341,328.479,4.1492,3,0
DB12792,Boscalid,ClC1=CC=C(C=C1)C1=C(NC(=O)C2=C(Cl)N=CC=C2)C=CC=C1,C18H12Cl2N2O,343.207,342.0326684,343.212,4.7748,3,1
DB01007,Tioconazole,ClC1=C(COC(CN2C=CN=C2)C2=C(Cl)C=C(Cl)C=C2)C=CS1,C16H13Cl3N2OS,387.711,385.9814169,387.717,4.2335,3,0
DB06787,Hexocyclium,C[N+]1(C)CCN(CC(O)(C2CCCCC2)C2=CC=CC=C2)CC1,C20H33N2O,317.496,317.2587401,317.495,-0.4492,2,1
DB00192,Indecainide,CC(C)NCCCC1(C(N)=O)C2=CC=CC=C2C2=CC=CC=C12,C20H24N2O,308.4174,308.1888634,308.424,3.078,3,2
DB00812,Phenylbutazone,CCCCC1C(=O)N(N(C1=O)C1=CC=CC=C1)C1=CC=CC=C1,C19H20N2O2,308.3743,308.1524779,308.38,3.1969,4,0
DB01053,Benzylpenicillin,[H][C@]12SC(C)(C)[C@@H](N1C(=O)[C@H]2NC(=O)CC1=CC=CC=C1)C(O)=O,C16H18N2O4S,334.39,334.0987278,334.395,1.5375,6,2
DB00467,Enoxacin,CCN1C=C(C(O)=O)C(=O)C2=CC(F)=C(N=C12)N1CCNCC1,C15H17FN4O3,320.3189,320.1284686,320.323,-2.1183,7,2
DB01219,Dantrolene,[O-][N+](=O)C1=CC=C(C=C1)C1=CC=C(O1)\C=N\N1CC(=O)NC1=O,C14H10N4O5,314.257,314.0651194,314.256,0.8126,8,1
DB12377,Relebactam,OS(=O)(=O)ON1[C@H]2C[N@]([C@@H](CC2)C(=O)NC2CCNCC2)C1=O,C12H20N4O6S,348.37,348.1103556,348.379,-4.1526,10,3
DB00682,Warfarin,CC(=O)CC(C1=CC=CC=C1)C1=C(O)C2=C(OC1=O)C=CC=C2,C19H16O4,308.3279,308.104859,308.332,3.2806,4,1
DB15793,Zinc phenolsulfonate,[Zn++].OC1=CC=C(C=C1)S([O-])(=O)=O.OC1=CC=C(C=C1)S([O-])(=O)=O,C12H10O8S2Zn,411.7,409.910852,411.725,-0.9154,4,2
DB00408,Loxapine,CN1CCN(CC1)C1=NC2=CC=CC=C2OC2=C1C=C(Cl)C=C2,C18H18ClN3O,327.808,327.1138399,327.814,3.5564,4,0
DB06766,Alcaftadine,CN1CCC(CC1)=C1C2=NC=C(C=O)N2CCC2=CC=CC=C12,C19H21N3O,307.3895,307.1684623,307.396,3.2203,4,0
DB13256,Clothiapine,CN1CCN(CC1)C1=NC2=CC=CC=C2SC2=C1C=C(Cl)C=C2,C18H18ClN3S,343.87,343.0909965,343.881,3.9489,3,0
DB00683,Midazolam,CC1=NC=C2CN=C(C3=CC=CC=C3F)C3=C(C=CC(Cl)=C3)N12,C18H13ClFN3,325.767,325.0782033,325.773,3.2751,3,0
DB00810,Biperiden,OC(CCN1CCCCC1)(C1CC2CC1C=C2)C1=CC=CC=C1,C21H29NO,311.4611,311.2249146,311.467,3.7885,2,1
DB00245,Benzatropine,[H][C@]12CC[C@]([H])(C[C@@]([H])(C1)OC(C1=CC=CC=C1)C1=CC=CC=C1)N2C,C21H25NO,307.4293,307.1936144,307.436,4.0633,2,0
DB09123,Dienogest,[H][C@@]12CC[C@@](O)(CC#N)[C@@]1(C)CCC1=C3CCC(=O)C=C3CC[C@@]21[H],C20H25NO2,311.425,311.188529,311.424,3.2291,3,1
DB11315,Methscopolamine,C[N+]1(C)[C@H]2C[C@@H](C[C@@H]1[C@H]1O[C@@H]21)OC(=O)[C@H](CO)C1=CC=CC=C1,C18H24NO4,318.392,318.1699847,318.392,-2.3217,4,1
DB08877,Ruxolitinib,N#CC[C@H](C1CCCC1)N1C=C(C=N1)C1=C2C=CNC2=NC=N1,C17H18N6,306.365,306.1592946,306.372,1.6767,6,1
DB01588,Prazepam,ClC1=CC2=C(C=C1)N(CC1CC1)C(=O)CN=C2C1=CC=CC=C1,C19H17ClN2O,324.804,324.1029409,324.81,3.709,3,0
DB01058,Praziquantel,O=C(C1CCCCC1)N1CC2N(CCC3=CC=CC=C23)C(=O)C1,C19H24N2O2,312.4061,312.183778,312.412,2.5396,4,0
DB00889,Granisetron,CN1N=C(C(=O)N[C@@H]2C[C@@H]3CCC[C@H](C2)N3C)C2=C1C=CC=C2,C18H24N4O,312.417,312.1950114,312.416,1.7309,5,1
DB00363,Clozapine,CN1CCN(CC1)C1=NC2=CC(Cl)=CC=C2NC2=CC=CC=C12,C18H19ClN4,326.823,326.1298243,326.83,3.2447,4,1
DB00897,Triazolam,CC1=NN=C2CN=C(C3=CC=CC=C3Cl)C3=C(C=CC(Cl)=C3)N12,C17H12Cl2N4,343.21,342.0439018,343.216,3.2255,4,0
DB13952,Estradiol acetate,[H][C@@]12CC[C@H](O)[C@@]1(C)CC[C@]1([H])C3=CC=C(OC(C)=O)C=C3CC[C@@]21[H],C20H26O3,314.4186,314.1881947,314.423,4.209,3,1
DB00304,Desogestrel,[H][C@@]12CC[C@@](O)(C#C)[C@@]1(CC)CC(=C)[C@]1([H])[C@@]3([H])CCCC=C3CC[C@@]21[H],C22H30O,310.473,310.2296656,310.479,4.4895,1,1
DB00367,Levonorgestrel,[H][C@@]12CC[C@@](O)(C#C)[C@@]1(CC)CC[C@]1([H])[C@@]3([H])CCC(=O)C=C3CC[C@@]21[H],C21H28O2,312.4458,312.2089301,312.451,3.538,2,1
DB09389,Norgestrel,CCC12CCC3C(CCC4=CC(=O)CCC34)C1CCC2(O)C#C,C21H28O2,312.453,312.2089301,312.451,3.538,2,1
DB11619,Gestrinone,[H][C@@]12CC[C@@](O)(C#C)[C@@]1(CC)C=CC1=C3CCC(=O)C=C3CC[C@@]21[H],C21H24O2,308.4141,308.17763,308.42,3.329,2,1
DB00396,Progesterone,[H][C@@]12CC[C@H](C(C)=O)[C@@]1(C)CC[C@@]1([H])[C@@]2([H])CCC2=CC(=O)CC[C@]12C,C21H30O2,314.4617,314.2245802,314.467,4.019,2,0
DB00378,Dydrogesterone,[H][C@@]12CC[C@H](C(C)=O)[C@@]1(C)CC[C@]1([H])[C@@]2([H])C=CC2=CC(=O)CC[C@@]12C,C21H28O2,312.4458,312.2089301,312.451,3.7436,2,0
DB11859,Brexanolone,[H][C@@]1(CC[C@@]2([H])[C@]3([H])CC[C@@]4([H])C[C@H](O)CC[C@]4(C)[C@@]3([H])CC[C@]12C)C(C)=O,C21H34O2,318.4935,318.2558803,318.499,3.9798,2,1
DB02789,Pregnenolone,[H][C@@]12CC[C@H](C(C)=O)[C@@]1(C)CC[C@@]1([H])[C@@]2([H])CC=C2C[C@@H](O)CC[C@]12C,C21H32O2,316.4776,316.2402303,316.483,3.8753,2,1
DB01357,Mestranol,[H][C@@]12CC[C@@](O)(C#C)[C@@]1(C)CC[C@]1([H])C3=C(CC[C@@]21[H])C=C(OC)C=C3,C21H26O2,310.4299,310.1932801,310.435,4.0712,2,1
DB09070,Tibolone,[H][C@@]12CC[C@@](O)(C#C)[C@@]1(C)CC[C@]1([H])C3=C(CC(=O)CC3)C[C@@]([H])(C)[C@@]21[H],C21H28O2,312.453,312.2089301,312.451,3.5238,2,1
DB01194,Brinzolamide,CCN[C@H]1CN(CCCOC)S(=O)(=O)C2=C1C=C(S2)S(N)(=O)=O,C12H21N3O5S3,383.507,383.0643329,383.513,0.2924,8,2
DB01611,Hydroxychloroquine,CCN(CCO)CCCC(C)NC1=C2C=CC(Cl)=CC2=NC=C1,C18H26ClN3O,335.872,335.1764402,335.877,3.0824,4,2
DB06769,Bendamustine,CN1C(CCCC(O)=O)=NC2=CC(=CC=C12)N(CCCl)CCCl,C16H21Cl2N3O2,358.263,357.1010823,358.268,2.6707,5,1
DB00391,Sulpiride,CCN1CCCC1CNC(=O)C1=C(OC)C=CC(=C1)S(N)(=O)=O,C15H23N3O4S,341.426,341.1409269,341.431,0.6079,7,2
DB14203,Disperse Blue 106,CCN(CCO)C1=CC=C(\N=N\C2=NC=C(S2)N(=O)=O)C(C)=C1,C14H17N5O3S,335.38,335.1052106,335.387,2.8813,7,1
DB00426,Famciclovir,CC(=O)OCC(CCN1C=NC2=CN=C(N)N=C12)COC(C)=O,C14H19N5O4,321.3318,321.1437041,321.336,0.3028,9,1
DB00731,Nateglinide,CC(C)[C@H]1CC[C@@H](CC1)C(=O)N[C@H](CC1=CC=CC=C1)C(O)=O,C19H27NO3,317.429,317.1990937,317.427,2.8719,4,2
DB00348,Nitisinone,[O-][N+](=O)C1=C(C=CC(=C1)C(F)(F)F)C(=O)C1C(=O)CCCC1=O,C14H10F3NO5,329.2281,329.0511071,329.229,1.3848,5,0
DB13657,Benorilate,CC(=O)NC1=CC=C(OC(=O)C2=CC=CC=C2OC(C)=O)C=C1,C17H15NO5,313.309,313.0950226,313.308,2.7805,6,1
DB00333,Methadone,CCC(=O)C(CC(C)N(C)C)(C1=CC=CC=C1)C1=CC=CC=C1,C21H27NO,309.4452,309.2092645,309.451,3.5199,2,0
DB15795,Adiphenine,CCN(CC)CCOC(=O)C(C1=CC=CC=C1)C1=CC=CC=C1,C20H25NO2,311.425,311.188529,311.424,3.6107,3,0
DB06736,Aceclofenac,OC(=O)COC(=O)CC1=CC=CC=C1NC1=C(Cl)C=CC=C1Cl,C16H13Cl2NO4,354.18,353.0221633,354.188,3.4431,5,2
DB01102,Arbutamine,O[C@@H](CNCCCCC1=CC=C(O)C=C1)C1=CC(O)=C(O)C=C1,C18H23NO4,317.3795,317.1627082,317.384,2.0959,5,5
DB00577,Valaciclovir,CC(C)[C@H](N)C(=O)OCCOCN1C=NC2=C1NC(N)=NC2=O,C13H20N6O4,324.3357,324.1546032,324.34,-1.2529,10,3
DB09495,Avobenzone,COC1=CC=C(C=C1)C(=O)CC(=O)C1=CC=C(C=C1)C(C)(C)C,C20H22O3,310.393,310.1568946,310.392,4.0507,3,0
DB01024,Mycophenolic acid,COC1=C(C\C=C(/C)CCC(O)=O)C(O)=C2C(=O)OCC2=C1C,C17H20O6,320.3371,320.1259884,320.34,2.297,6,2
DB15819,Potassium aspartate,[H+].[H+].O.[K+].[K+].N[C@@H](CC([O-])=O)C([O-])=O.N[C@@H](CC([O-])=O)C([O-])=O,C8H14K2N2O9,360.402,359.997343,360.4,-3.813,5,3
DB04953,Ezogabine,CCOC(=O)NC1=C(N)C=C(NCC2=CC=C(F)C=C2)C=C1,C16H18FN3O2,303.3314,303.138305,303.336,2.4614,5,3
DB00665,Nilutamide,CC1(C)NC(=O)N(C1=O)C1=CC(=C(C=C1)[N+]([O-])=O)C(F)(F)F,C12H10F3N3O4,317.2207,317.0623404,317.222,1.1818,6,1
DB00608,Chloroquine,CCN(CC)CCCC(C)NC1=CC=NC2=CC(Cl)=CC=C12,C18H26ClN3,319.872,319.1815256,319.878,4.0091,3,1
DB01079,Tegaserod,CCCCCNC(=N)N\N=C\C1=CNC2=C1C=C(OC)C=C2,C16H23N5O,301.394,301.1902604,301.393,2.8267,6,4
DB09092,Xanthinol,CN(CCO)CC(O)CN1C=NC2=C1C(=O)N(C)C(=O)N2C,C13H21N5O4,311.342,311.1593542,311.341,-1.7167,9,2
DB01217,Anastrozole,CC(C)(C#N)C1=CC(=CC(CN2C=NC=N2)=C1)C(C)(C)C#N,C17H19N5,293.3663,293.1640456,293.373,2.6107,5,0
DB00725,Homatropine methylbromide,[Br-].C[N+]1(C)C2CCC1CC(C2)OC(=O)C(O)C1=CC=CC=C1,C17H24BrNO3,370.281,369.0939563,370.286,-1.7428,3,1
DB09351,Levobetaxolol,CC(C)NC[C@H](O)COC1=CC=C(CCOCC2CC2)C=C1,C18H29NO3,307.434,307.2147438,307.432,2.2062,4,2
DB00195,Betaxolol,CC(C)NCC(O)COC1=CC=C(CCOCC2CC2)C=C1,C18H29NO3,307.4278,307.2147438,307.432,2.2062,4,2
DB00841,Dobutamine,CC(CCC1=CC=C(O)C=C1)NCCC1=CC(O)=C(O)C=C1,C18H23NO3,301.3801,301.1677936,301.385,3.0709,4,4
DB08941,Isoxsuprine,C[C@H](COC1=CC=CC=C1)N[C@H](C)[C@@H](O)C1=CC=C(O)C=C1,C18H23NO3,301.386,301.1677936,301.385,2.1739,4,3
DB00472,Fluoxetine,CNCCC(OC1=CC=C(C=C1)C(F)(F)F)C1=CC=CC=C1,C17H18F3NO,309.3261,309.1340488,309.33,3.6241,2,1
DB11609,Normethadone,CCC(=O)C(CCN(C)C)(C1=CC=CC=C1)C1=CC=CC=C1,C20H25NO,295.426,295.1936144,295.425,3.1606,2,0
DB00804,Dicyclomine,CCN(CC)CCOC(=O)C1(CCCCC1)C1CCCCC1,C19H35NO2,309.4867,309.2667794,309.492,3.6609,3,0
DB06152,Nylidrin,CC(CCC1=CC=CC=C1)NC(C)C(O)C1=CC=C(O)C=C1,C19H25NO2,299.414,299.188529,299.412,3.0515,3,3
DB01288,Fenoterol,CC(CC1=CC=C(O)C=C1)NCC(O)C1=CC(O)=CC(O)=C1,C17H21NO4,303.3529,303.1470582,303.357,1.5464,5,5
DB01203,Nadolol,CC(C)(C)NCC(O)COC1=CC=CC2=C1C[C@H](O)[C@H](O)C2,C17H27NO4,309.4006,309.1940084,309.404,1.0543,5,4
DB04854,Febuxostat,CC(C)COC1=C(C=C(C=C1)C1=NC(C)=C(S1)C(O)=O)C#N,C16H16N2O3S,316.375,316.0881631,316.38,3.1245,5,1
DB00409,Remoxipride,CCN1CCC[C@H]1CNC(=O)C1=C(OC)C=CC(Br)=C1OC,C16H23BrN2O3,371.269,370.0892053,371.274,2.4991,5,1
DB01250,Olsalazine,OC(=O)C1=CC(=CC=C1O)\N=N\C1=CC=C(O)C(=C1)C(O)=O,C14H10N2O6,302.239,302.0538861,302.241,2.1406,8,4
DB06654,Safinamide,C[C@H](NCC1=CC=C(OCC2=CC(F)=CC=C2)C=C1)C(N)=O,C17H19FN2O2,302.349,302.143056,302.348,1.5564,4,2
DB00414,Acetohexamide,CC(=O)C1=CC=C(C=C1)S(=O)(=O)NC(=O)NC1CCCCC1,C15H20N2O4S,324.395,324.1143778,324.4,1.9976,6,2
DB05015,Belinostat,ONC(=O)\C=C\C1=CC=CC(=C1)S(=O)(=O)NC1=CC=CC=C1,C15H14N2O4S,318.35,318.0674281,318.352,1.2586,6,3
DB09327,Tegafur-uracil,O=C1NC=CC(=O)N1.FC1=CN(C2CCCO2)C(=O)NC1=O,C12H13FN4O5,312.257,312.0869977,312.256,-0.0357,5,1
DB04820,Nialamide,O=C(CCNNC(=O)C1=CC=NC=C1)NCC1=CC=CC=C1,C16H18N4O2,298.3397,298.1429758,298.345,0.0724,6,3
DB13746,Bioallethrin,CC(C)=CC1C(C(=O)OC2CC(=O)C(CC=C)=C2C)C1(C)C,C19H26O3,302.414,302.1881947,302.412,4.4136,3,0
DB13873,Fenofibric acid,CC(C)(OC1=CC=C(C=C1)C(=O)C1=CC=C(Cl)C=C1)C(O)=O,C17H15ClO4,318.75,318.0658867,318.755,3.1955,4,1
DB00179,Masoprocol,C[C@@H](CC1=CC(O)=C(O)C=C1)[C@H](C)CC1=CC(O)=C(O)C=C1,C18H22O4,302.3649,302.1518092,302.369,3.8236,4,4
DB14600,Edetate disodium anhydrous,[Na+].[Na+].OC(=O)CN(CCN(CC(O)=O)CC([O-])=O)CC([O-])=O,C10H14N2Na2O8,336.2063,336.0545548,336.207,-6.1434,10,4
DB00543,Amoxapine,ClC1=CC2=C(OC3=CC=CC=C3N=C2N2CCNCC2)C=C1,C17H16ClN3O,313.781,313.0981899,313.787,3.3035,4,1
DB00904,Ondansetron,CN1C2=C(C3=CC=CC=C13)C(=O)C(CN1C=CN=C1C)CC2,C18H19N3O,293.363,293.1528122,293.369,2.2259,4,0
DB04876,Vildagliptin,OC12CC3CC(C1)CC(C3)(C2)NCC(=O)N1CCC[C@H]1C#N,C17H25N3O2,303.3993,303.1946771,303.405,0.5612,5,2
DB00920,Ketotifen,CN1CCC(CC1)=C1C2=C(SC=C2)C(=O)CC2=CC=CC=C12,C19H19NOS,309.425,309.1187349,309.432,3.9679,2,0
DB00747,Scopolamine,CN1[C@H]2C[C@@H](C[C@@H]1[C@H]1O[C@@H]21)OC(=O)[C@H](CO)C1=CC=CC=C1,C17H21NO4,303.3529,303.1470582,303.357,0.779,5,1
DB00340,Metixene,CN1CCCC(CC2C3=CC=CC=C3SC3=CC=CC=C23)C1,C20H23NS,309.468,309.1551204,309.476,4.6551,1,0
DB00434,Cyproheptadine,CN1CCC(CC1)=C1C2=CC=CC=C2C=CC2=CC=CC=C12,C21H21N,287.3981,287.1673997,287.405,4.5999,1,0
DB00967,Desloratadine,ClC1=CC2=C(C=C1)C(=C1CCNCC1)C1=C(CC2)C=CC=N1,C19H19ClN2,310.821,310.1236763,310.827,4.0583,2,1
DB01186,Pergolide,[H][C@@]12CC3=CNC4=CC=CC(=C34)[C@@]1([H])C[C@@H](CSC)CN2CCC,C19H26N2S,314.488,314.1816695,314.495,4.1329,2,1
DB00719,Azatadine,CN1CCC(CC1)=C1C2=CC=CC=C2CCC2=C1N=CC=C2,C20H22N2,290.4021,290.1782987,290.409,3.7052,2,0
DB00969,Alosetron,CN1C2=C(C3=CC=CC=C13)C(=O)N(CC1=C(C)NC=N1)CC2,C17H18N4O,294.351,294.1480612,294.357,1.8051,5,1
DB00334,Olanzapine,CN1CCN(CC1)C1=NC2=CC=CC=C2NC2=C1C=C(C)S2,C17H20N4S,312.432,312.1408674,312.44,3.0388,4,1
DB00404,Alprazolam,CC1=NN=C2CN=C(C3=CC=CC=C3)C3=C(C=CC(Cl)=C3)N12,C17H13ClN4,308.765,308.0828741,308.771,2.6195,4,0
DB00894,Testolactone,[H][C@@]12CCC3=CC(=O)C=C[C@]3(C)[C@@]1([H])CC[C@]1(C)OC(=O)CC[C@@]21[H],C19H24O3,300.3921,300.1725446,300.397,2.7066,3,0
DB00621,Oxandrolone,[H][C@@]12CC[C@](C)(O)[C@@]1(C)CC[C@@]1([H])[C@@]2([H])CC[C@@]2([H])CC(=O)OC[C@]12C,C19H30O3,306.4397,306.2194948,306.444,2.8769,3,1
DB08905,Formestane,[H][C@@]12CCC(=O)[C@@]1(C)CC[C@@]1([H])[C@@]2([H])CCC2=C(O)C(=O)CC[C@]12C,C19H26O3,302.4079,302.1881947,302.412,3.1401,3,1
DB13851,Artemotil,[H][C@@]12CC[C@@H](C)[C@]3([H])CC[C@@]4(C)OO[C@@]13[C@]([H])(O[C@H](OCC)[C@@H]2C)O4,C17H28O5,312.406,312.193674,312.404,3.3075,5,0
DB00977,Ethinylestradiol,[H][C@@]12CC[C@@](O)(C#C)[C@@]1(C)CC[C@]1([H])C3=C(CC[C@@]21[H])C=C(O)C=C3,C20H24O2,296.4034,296.17763,296.409,3.7955,2,2
DB09371,Norethynodrel,[H][C@@]12CC[C@@](O)(C#C)[C@@]1(C)CC[C@]1([H])C3=C(CC[C@@]21[H])CC(=O)CC3,C20H26O2,298.426,298.1932801,298.424,3.2545,2,1
DB00717,Norethisterone,[H][C@@]12CC[C@@](O)(C#C)[C@@]1(C)CC[C@]1([H])[C@@]3([H])CCC(=O)C=C3CC[C@@]21[H],C20H26O2,298.4192,298.1932801,298.424,3.0836,2,1
DB00990,Exemestane,[H][C@@]12CCC(=O)[C@@]1(C)CC[C@@]1([H])[C@@]2([H])CC(=C)C2=CC(=O)C=C[C@]12C,C20H24O2,296.4034,296.17763,296.409,3.6076,2,0
DB06710,Methyltestosterone,[H][C@@]12CC[C@](C)(O)[C@@]1(C)CC[C@@]1([H])[C@@]2([H])CCC2=CC(=O)CC[C@]12C,C20H30O2,302.451,302.2245802,302.456,3.7942,2,1
DB12235,Estetrol,[H][C@@]12[C@@H](O)[C@@H](O)[C@H](O)[C@@]1(C)CC[C@]1([H])C3=CC=C(O)C=C3CC[C@@]21[H],C18H24O4,304.3808,304.1674593,304.385,2.1724,4,4
DB00494,Entacapone,CCN(CC)C(=O)C(=C\C1=CC(=C(O)C(O)=C1)[N+]([O-])=O)\C#N,C14H15N3O5,305.286,305.1011706,305.289,0.7457,7,2
DB06045,Trofinetide,C[C@]1(CCCN1C(=O)CN)C(=O)N[C@@H](CCC(O)=O)C(O)=O,C13H21N3O6,315.326,315.1430354,315.325,-3.9173,9,4
DB06774,Capsaicin,COC1=C(O)C=CC(CNC(=O)CCCC\C=C\C(C)C)=C1,C18H27NO3,305.4119,305.1990937,305.416,3.8039,4,2
DB09120,Zucapsaicin,COC1=C(O)C=CC(CNC(=O)CCCC\C=C/C(C)C)=C1,C18H27NO3,305.4119,305.1990937,305.416,3.8039,4,2
DB08868,Fingolimod,CCCCCCCCC1=CC=C(CCC(N)(CO)CO)C=C1,C19H33NO2,307.4708,307.2511293,307.476,3.9214,3,3
DB01214,Metipranolol,CC(C)NCC(O)COC1=C(C)C(C)=C(OC(C)=O)C(C)=C1,C17H27NO4,309.4006,309.1940084,309.404,2.2395,5,2
DB11073,Cetylpyridinium,CCCCCCCCCCCCCCCC[N+]1=CC=CC=C1,C21H38N,304.541,304.2998766,304.54,3.3527,0,0
DB00892,Oxybuprocaine,CCCCOC1=CC(=CC=C1N)C(=O)OCCN(CC)CC,C17H28N2O3,308.4158,308.2099928,308.42,2.6528,5,1
DB00176,Fluvoxamine,COCCCC\C(=N/OCCN)C1=CC=C(C=C1)C(F)(F)F,C15H21F3N2O2,318.34,318.1555124,318.338,3.15,4,1
DB11502,Butacaine,CCCCN(CCCC)CCCOC(=O)C1=CC=C(N)C=C1,C18H30N2O2,306.45,306.2307282,306.448,3.6797,4,1
DB00198,Oseltamivir,CCOC(=O)C1=C[C@@H](OC(CC)CC)[C@H](NC(C)=O)[C@@H](N)C1,C16H28N2O4,312.4045,312.2049074,312.408,0.9333,6,2
DB00956,Hydrocodone,[H][C@@]12OC3=C(OC)C=CC4=C3[C@@]11CCN(C)[C@]([H])(C4)[C@]1([H])CCC2=O,C18H21NO3,299.3642,299.1521435,299.369,1.9515,4,0
DB01551,Dihydrocodeine,[H][C@@]12OC3=C4C(C[C@H]5N(C)CC[C@@]14[C@@]5([H])CC[C@@H]2O)=CC=C3OC,C18H23NO3,301.3801,301.1677936,301.385,1.8078,4,1
DB00318,Codeine,[H][C@]12C=C[C@H](O)[C@@H]3OC4=C5C(C[C@H]1N(C)CC[C@@]235)=CC=C4OC,C18H21NO3,299.3642,299.1521435,299.369,1.5324,4,1
DB01192,Oxymorphone,[H][C@@]12OC3=C(O)C=CC4=C3[C@@]11CCN(C)[C@]([H])(C4)[C@]1(O)CCC2=O,C17H19NO4,301.3371,301.1314081,301.341,0.8524,5,2
DB00377,Palonosetron,[H][C@]12CCCC3=C1C(=CC=C3)C(=O)N(C2)[C@@H]1CN2CCC1CC2,C19H24N2O,296.414,296.1888634,296.413,3.2929,3,0
DB11171,Ferric sulfate,O.O.O.O.O.[Fe+3].[Fe+3].[O-]S([O-])(=O)=O.[O-]S([O-])(=O)=O.[O-]S([O-])(=O)=O,Fe2H10O17S3,489.93,489.777884,489.95,-3.4103,4,2
DB01068,Clonazepam,[O-][N+](=O)C1=CC2=C(NC(=O)CN=C2C2=CC=CC=C2Cl)C=C1,C15H10ClN3O3,315.711,315.0410689,315.715,1.7047,5,1
DB01120,Gliclazide,[H][C@@]12CCC[C@]1([H])CN(C2)NC(=O)NS(=O)(=O)C1=CC=C(C)C=C1,C15H21N3O3S,323.41,323.1303627,323.416,1.1331,6,2
DB01205,Flumazenil,CCOC(=O)C1=C2CN(C)C(=O)C3=C(C=CC(F)=C3)N2C=N1,C15H14FN3O3,303.2884,303.1019195,303.292,0.9739,6,0
DB00643,Mebendazole,COC(=O)NC1=NC2=C(N1)C=C(C=C2)C(=O)C1=CC=CC=C1,C16H13N3O3,295.2927,295.0956913,295.297,2.6656,6,2
DB13225,Dibenzepin,CN(C)CCN1C2=CC=CC=C2N(C)C2=CC=CC=C2C1=O,C18H21N3O,295.386,295.1684623,295.385,2.4424,4,0
DB00469,Tenoxicam,CN1C(C(=O)NC2=CC=CC=N2)=C(O)C2=C(C=CS2)S1(=O)=O,C13H11N3O4S2,337.37,337.0190982,337.379,1.0729,7,2
DB14973,Abrocitinib,CCCS(=O)(=O)N[C@H]1C[C@H](C1)N(C)C1=C2C=CNC2=NC=N1,C14H21N5O2S,323.42,323.1415961,323.42,1.5279,7,2
DB01006,Letrozole,N#CC1=CC=C(C=C1)C(N1C=NC=N1)C1=CC=C(C=C1)C#N,C17H11N5,285.3027,285.1014454,285.309,2.4153,5,0
DB00991,Oxaprozin,OC(=O)CCC1=NC(=C(O1)C1=CC=CC=C1)C1=CC=CC=C1,C18H15NO3,293.3166,293.1051934,293.321,3.5595,4,1
DB05271,Rotigotine,CCCN(CCC1=CC=CS1)[C@H]1CCC2=C(O)C=CC=C2C1,C19H25NOS,315.48,315.1656856,315.48,4.4143,2,1
DB09225,Zotepine,CN(C)CCOC1=CC2=CC=CC=C2SC2=CC=C(Cl)C=C12,C18H18ClNOS,331.86,331.0797631,331.866,4.6741,2,0
DB13114,Amitriptylinoxide,CN(C)(=O)CCC=C1C2=CC=CC=C2CCC2=CC=CC=C12,C20H23NO,293.41,293.1779644,293.409,3.52,1,0
DB00376,Trihexyphenidyl,OC(CCN1CCCCC1)(C1CCCCC1)C1=CC=CC=C1,C20H31NO,301.4662,301.2405646,301.472,4.1605,2,1
DB00907,Cocaine,[H][C@]12CC[C@]([H])([C@H]([C@H](C1)OC(=O)C1=CC=CC=C1)C(=O)OC)N2C,C17H21NO4,303.3529,303.1470582,303.357,1.8508,5,0
DB00273,Topiramate,[H][C@@]12CO[C@@]3(COS(N)(=O)=O)OC(C)(C)O[C@@]3([H])[C@]1([H])OC(C)(C)O2,C12H21NO8S,339.362,339.0987873,339.364,-0.9727,9,1
DB00735,Naftifine,CN(CC=CC1=CC=CC=C1)CC1=CC=CC2=CC=CC=C12,C21H21N,287.3981,287.1673997,287.405,4.6562,1,0
DB00196,Fluconazole,OC(CN1C=NC=N1)(CN1C=NC=N1)C1=C(F)C=C(F)C=C1,C13H12F2N6O,306.2708,306.1040654,306.275,-0.1089,7,1
DB00580,Valdecoxib,CC1=C(C(=NO1)C1=CC=CC=C1)C1=CC=C(C=C1)S(N)(=O)=O,C16H14N2O3S,314.359,314.072513,314.364,2.6412,5,1
DB00628,Clorazepic acid,OC(=O)C1N=C(C2=CC=CC=C2)C2=C(NC1=O)C=CC(Cl)=C2,C16H11ClN2O3,314.723,314.0458199,314.727,1.6747,5,2
DB00817,Rosoxacin,CCN1C=C(C(O)=O)C(=O)C2=C1C=C(C=C2)C1=CC=NC=C1,C17H14N2O3,294.3047,294.1004423,294.309,1.4456,5,1
DB09119,Eslicarbazepine acetate,CC(=O)O[C@H]1CC2=CC=CC=C2N(C(N)=O)C2=CC=CC=C12,C17H16N2O3,296.326,296.1160924,296.325,2.9295,5,1
DB13872,Lormetazepam,CN1C2=C(C=C(Cl)C=C2)C(=NC(O)C1=O)C1=CC=CC=C1Cl,C16H12Cl2N2O2,335.185,334.0275831,335.189,3.2401,4,1
DB00310,Chlorthalidone,NS(=O)(=O)C1=C(Cl)C=CC(=C1)C1(O)NC(=O)C2=CC=CC=C12,C14H11ClN2O4S,338.766,338.0128052,338.77,1.951,6,3
DB01025,Amlexanox,CC(C)C1=CC2=C(OC3=NC(N)=C(C=C3C2=O)C(O)=O)C=C1,C16H14N2O4,298.2934,298.0953569,298.297,3.0633,6,2
DB13381,Sodium feredetate,[Na+].[O-]C(=O)C[N+]12CC[N+]34CC(=O)O[Fe--]13(OC(=O)C2)OC(=O)C4,C10H12FeN2NaO8,367.047,366.984071,367.046,-4.3565,8,1
DB00392,Profenamine,CCN(CC)C(C)CN1C2=CC=CC=C2SC2=CC=CC=C12,C19H24N2S,312.472,312.1660195,312.48,4.7184,2,0
DB01242,Clomipramine,CN(C)CCCN1C2=CC=CC=C2CCC2=C1C=C(Cl)C=C2,C19H23ClN2,314.852,314.1549765,314.859,4.4969,2,0
DB00726,Trimipramine,CC(CN(C)C)CN1C2=CC=CC=C2CCC2=CC=CC=C12,C20H26N2,294.4338,294.2095988,294.44,4.1092,2,0
DB08801,Dimetindene,CC(C1=C(CCN(C)C)CC2=CC=CC=C12)C1=CC=CC=N1,C20H24N2,292.418,292.1939488,292.425,3.4994,2,0
DB01084,Emedastine,CCOCCN1C(=NC2=CC=CC=C12)N1CCCN(C)CC1,C17H26N4O,302.4145,302.2106615,302.42,2.0454,5,0
DB00805,Minaprine,CC1=CC(=NN=C1NCCN1CCOCC1)C1=CC=CC=C1,C17H22N4O,298.3828,298.1793613,298.389,1.5911,5,1
DB06729,Sulfaphenazole,NC1=CC=C(C=C1)S(=O)(=O)NC1=CC=NN1C1=CC=CC=C1,C15H14N4O2S,314.362,314.0837464,314.368,0.8016,6,2
DB12954,Terizidone,O=C1NOCC1\N=C\C1=CC=C(\C=N\C2CONC2=O)C=C1,C14H14N4O4,302.29,302.1015049,302.289,-0.8806,8,2
DB00533,Rofecoxib,CS(=O)(=O)C1=CC=C(C=C1)C1=C(C(=O)OC1)C1=CC=CC=C1,C17H14O4S,314.356,314.0612796,314.36,1.2168,4,0
DB01595,Nitrazepam,[O-][N+](=O)C1=CC2=C(NC(=O)CN=C2C2=CC=CC=C2)C=C1,C15H11N3O3,281.2661,281.0800412,281.27,1.0987,5,1
DB00475,Chlordiazepoxide,CNC1=NC2=C(C=C(Cl)C=C2)C(C2=CC=CC=C2)=[N+]([O-])C1,C16H14ClN3O,299.755,299.0825398,299.76,2.8124,3,1
DB00692,Phentolamine,CC1=CC=C(C=C1)N(CC1=NCCN1)C1=CC(O)=CC=C1,C17H19N3O,281.3523,281.1528122,281.358,1.2543,4,2
DB00315,Zolmitriptan,CN(C)CCC1=CNC2=CC=C(C[C@H]3COC(=O)N3)C=C12,C16H21N3O2,287.3568,287.1633769,287.362,1.453,5,2
DB01280,Nelarabine,COC1=NC(N)=NC2=C1N=CN2[C@@H]1O[C@H](CO)[C@@H](O)[C@@H]1O,C11H15N5O5,297.2673,297.1073186,297.27,-1.4401,10,4
DB14924,Ritlecitinib,C[C@H]1CC[C@H](CN1C(=O)C=C)NC1=NC=NC2=C1C=CN2,C15H19N5O,285.351,285.1589603,285.35,1.5685,6,2
DB04812,Benoxaprofen,CC(C(O)=O)C1=CC2=C(OC(=N2)C2=CC=C(Cl)C=C2)C=C1,C16H12ClNO3,301.724,301.050571,301.728,3.8311,4,1
DB00800,Fenoldopam,OC1=CC=C(C=C1)C1CNCCC2=C(Cl)C(O)=C(O)C=C12,C16H16ClNO3,305.756,305.0818711,305.76,2.3636,4,4
DB00749,Etodolac,CCC1=C2NC3=C(CCOC3(CC)CC(O)=O)C2=CC=C1,C17H21NO3,287.3535,287.1521435,287.358,2.9812,4,2
DB00572,Atropine,CN1[C@H]2CC[C@@H]1C[C@@H](C2)OC(=O)C(CO)C1=CC=CC=C1,C17H23NO3,289.3694,289.1677936,289.374,1.9288,4,1
DB00424,Hyoscyamine,CN1[C@H]2CC[C@@H]1C[C@@H](C2)OC(=O)[C@H](CO)C1=CC=CC=C1,C17H23NO3,289.3694,289.1677936,289.374,1.9288,4,1
DB00476,Duloxetine,CNCC[C@H](OC1=CC=CC2=CC=CC=C12)C1=CC=CS1,C18H19NOS,297.415,297.1187349,297.421,3.8368,2,1
DB00652,Pentazocine,CC1C2CC3=C(C=C(O)C=C3)C1(C)CCN2CC=C(C)C,C19H27NO,285.431,285.2092645,285.429,4.1792,2,1
DB01146,Diphenylpyraline,CN1CCC(CC1)OC(C1=CC=CC=C1)C1=CC=CC=C1,C19H23NO,281.392,281.1779644,281.398,3.7071,2,0
DB00387,Procyclidine,OC(CCN1CCCC1)(C1CCCCC1)C1=CC=CC=C1,C19H29NO,287.4397,287.2249146,287.445,3.8185,2,1
DB00942,Cycrimine,OC(CCN1CCCCC1)(C1CCCC1)C1=CC=CC=C1,C19H29NO,287.4397,287.2249146,287.445,3.8185,2,1
DB01142,Doxepin,[H]C(CCN(C)C)=C1C2=CC=CC=C2COC2=CC=CC=C12,C19H21NO,279.3761,279.1623143,279.382,3.4331,2,0
DB00758,Clopidogrel,[H][C@@](N1CCC2=C(C1)C=CS2)(C(=O)OC)C1=CC=CC=C1Cl,C16H16ClNO2S,321.822,321.0590272,321.827,2.7073,3,0
DB00625,Efavirenz,FC(F)(F)[C@]1(OC(=O)NC2=C1C=C(Cl)C=C2)C#CC1CC1,C14H9ClF3NO2,315.675,315.0273909,315.677,3.6614,3,1
DB09167,Dosulepin,CN(C)CC\C=C1/C2=CC=CC=C2CSC2=CC=CC=C12,C19H21NS,295.44,295.1394709,295.449,3.8201,1,0
DB13720,Diphemanil,C[N+]1(C)CCC(CC1)=C(C1=CC=CC=C1)C1=CC=CC=C1,C20H24N,278.418,278.1903262,278.418,0.1926,0,0
DB00924,Cyclobenzaprine,CN(C)CCC=C1C2=CC=CC=C2C=CC2=CC=CC=C12,C20H21N,275.3874,275.1673997,275.394,4.3534,1,0
DB00321,Amitriptyline,CN(C)CCC=C1C2=CC=CC=C2CCC2=CC=CC=C12,C20H23N,277.4033,277.1830497,277.41,4.4056,1,0
DB05016,Ataluren,OC(=O)C1=CC=CC(=C1)C1=NOC(=N1)C1=CC=CC=C1F,C15H9FN2O3,284.242,284.0597204,284.245,2.8181,5,1
DB13501,Bendazac,OC(=O)COC1=NN(CC2=CC=CC=C2)C2=CC=CC=C12,C16H14N2O3,282.299,282.1004423,282.298,1.8077,5,1
DB01559,Clotiazepam,CCC1=CC2=C(S1)N(C)C(=O)CN=C2C1=CC=CC=C1Cl,C16H15ClN2OS,318.821,318.0593615,318.827,3.8003,3,0
DB00349,Clobazam,CN1C2=C(C=C(Cl)C=C2)N(C2=CC=CC=C2)C(=O)CC1=O,C16H13ClN2O2,300.74,300.0665554,300.744,2.8865,4,0
DB00231,Temazepam,CN1C2=C(C=C(Cl)C=C2)C(=NC(O)C1=O)C1=CC=CC=C1,C16H13ClN2O2,300.74,300.0665554,300.744,2.6341,4,1
DB00186,Lorazepam,OC1N=C(C2=CC=CC=C2Cl)C2=C(NC1=O)C=CC(Cl)=C2,C15H10Cl2N2O2,321.158,320.011933,321.162,2.8818,4,2
DB01246,Alimemazine,CC(CN(C)C)CN1C2=CC=CC=C2SC2=CC=CC=C12,C18H22N2S,298.446,298.1503694,298.453,4.2192,2,0
DB09068,Vortioxetine,CC1=CC=C(SC2=CC=CC=C2N2CCNCC2)C(C)=C1,C18H22N2S,298.45,298.1503699,298.453,3.694,2,1
DB08936,Chlorcyclizine,CN1CCN(CC1)C(C1=CC=CC=C1)C1=CC=C(Cl)C=C1,C18H21ClN2,300.826,300.1393264,300.832,3.6827,2,0
DB00477,Chlorpromazine,CN(C)CCCN1C2=CC=CC=C2SC2=C1C=C(Cl)C=C2,C17H19ClN2S,318.864,318.095747,318.871,4.6069,2,0
DB00427,Triprolidine,CC1=CC=C(C=C1)C(=C/CN1CCCC1)\C1=CC=CC=N1,C19H22N2,278.3914,278.1782987,278.398,2.7804,2,0
DB00458,Imipramine,CN(C)CCCN1C2=CC=CC=C2CCC2=CC=CC=C12,C19H24N2,280.4073,280.1939488,280.414,3.8909,2,0
DB18716,Enmetazobactam,[H][C@@]12CC(=O)N1[C@@H](C([O-])=O)[C@](C)(CN1C=C[N+](C)=N1)S2(=O)=O,C11H14N4O5S,314.32,314.0684907,314.321,-5.6146,8,0
DB00946,Phenprocoumon,CCC(C1=CC=CC=C1)C1=C(O)C2=C(OC1=O)C=CC=C2,C18H16O3,280.3178,280.1099444,280.322,3.8792,3,1
DB14086,Cianidanol,O[C@H]1CC2=C(O)C=C(O)C=C2O[C@@H]1C1=CC=C(O)C(O)=C1,C15H14O6,290.2681,290.0790382,290.27,1.5087,6,5
DB13157,Sodium lauryl sulfoacetate,[Na+].CCCCCCCCCCCCOC(=O)CS([O-])(=O)=O,C14H27NaO5S,330.41,330.1476894,330.419,2.7788,5,1
DB06794,Lodoxamide,OC(=O)C(=O)NC1=CC(=CC(NC(=O)C(O)=O)=C1Cl)C#N,C11H6ClN3O6,311.63,310.9945126,311.637,-1.044,9,4
DB00585,Nizatidine,CNC(NCCSCC1=CSC(CN(C)C)=N1)=C[N+]([O-])=O,C12H21N5O2S2,331.45,331.1136673,331.464,-1.2645,6,2
DB00517,Anisotropine methylbromide,[Br-].CCCC(CCC)C(=O)O[C@H]1CC2CCC(C1)[N+]2(C)C,C17H32BrNO2,362.345,361.1616419,362.35,0.3757,2,0
DB00187,Esmolol,COC(=O)CCC1=CC=C(OCC(O)CNC(C)C)C=C1,C16H25NO4,295.374,295.1783583,295.378,1.5866,5,2
DB14486,Niacinamide ascorbate,NC(=O)C1=CN=CC=C1.[H]C(O)(CO)[C@@]1([H])OC(=O)C(O)=C1O,C12H14N2O7,298.251,298.0801008,298.25,-2.4646,6,4
DB09342,Propoxycaine,CCCOC1=CC(N)=CC=C1C(=O)OCCN(CC)CC,C16H26N2O3,294.395,294.1943427,294.393,2.1984,5,1
DB00807,Proparacaine,CCCOC1=C(N)C=C(C=C1)C(=O)OCCN(CC)CC,C16H26N2O3,294.3892,294.1943427,294.393,2.1984,5,1
DB00863,Ranitidine,CNC(NCCSCC1=CC=C(CN(C)C)O1)=C[N+]([O-])=O,C13H22N4O3S,314.4,314.1412618,314.409,-0.9059,6,2
DB09496,Octinoxate,[H]\C(=C(\[H])C1=CC=C(OC)C=C1)C(=O)OCC(CC)CCCC,C18H26O3,290.3972,290.1881947,290.401,4.7284,3,0
DB00295,Morphine,[H][C@@]12OC3=C(O)C=CC4=C3[C@@]11CCN(C)[C@]([H])(C4)[C@]1([H])C=C[C@@H]2O,C17H19NO3,285.3377,285.1364935,285.342,1.2567,4,2
DB00327,Hydromorphone,[H][C@@]12OC3=C(O)C=CC4=C3[C@@]11CCN(C)[C@]([H])(C4)[C@]1([H])CCC2=O,C17H19NO3,285.3377,285.1364935,285.342,1.6758,4,1
DB05025,Arimoclomol,O[C@@H](CON=C(Cl)C1=C[N+]([O-])=CC=C1)CN1CCCCC1,C14H20ClN3O3,313.78,313.1193192,313.784,1.1965,5,1
DB00839,Tolazamide,CC1=CC=C(C=C1)S(=O)(=O)NC(=O)NN1CCCCCC1,C14H21N3O3S,311.4,311.1303622,311.405,1.2297,6,2
DB00507,Nitazoxanide,CC(=O)OC1=CC=CC=C1C(=O)NC1=NC=C(S1)[N+]([O-])=O,C12H9N3O5S,307.282,307.0262911,307.285,1.6871,7,1
DB06691,Mepyramine,COC1=CC=C(CN(CCN(C)C)C2=NC=CC=C2)C=C1,C17H23N3O,285.384,285.1841124,285.39,1.9544,4,0
DB14033,Acetyl sulfisoxazole,CC(=O)N(C1=C(C)C(C)=NO1)S(=O)(=O)C1=CC=C(N)C=C1,C13H15N3O4S,309.34,309.0783271,309.345,0.7468,7,1
DB01382,Glymidine,COCCOC1=CN=C(NS(=O)(=O)C2=CC=CC=C2)N=C1,C13H15N3O4S,309.341,309.0783267,309.345,0.6025,7,1
DB04817,Metamizole,CN(CS(O)(=O)=O)C1=C(C)N(C)N(C1=O)C1=CC=CC=C1,C13H17N3O4S,311.36,311.0939772,311.361,-2.8714,7,1
DB09241,Methylene blue,[Cl-].CN(C)C1=CC2=[S+]C3=C(C=CC(=C3)N(C)C)N=C2C=C1,C16H18ClN3S,319.85,319.0909965,319.859,2.5517,3,0
DB00979,Cyclopentolate,CN(C)CCOC(=O)C(C1=CC=CC=C1)C1(O)CCCC1,C17H25NO3,291.3853,291.1834437,291.39,1.8767,4,1
DB09345,Pramocaine,CCCCOC1=CC=C(OCCCN2CCOCC2)C=C1,C17H27NO3,293.407,293.1990937,293.405,2.9579,4,0
DB00867,Ritodrine,C[C@@H](NCCC1=CC=C(O)C=C1)[C@@H](O)C1=CC=C(O)C=C1,C17H21NO3,287.359,287.1521435,287.358,1.8921,4,4
DB01210,Levobunolol,CC(C)(C)NC[C@H](O)COC1=CC=CC2=C1CCCC2=O,C17H25NO3,291.3853,291.1834437,291.39,2.2077,4,2
DB00925,Phenoxybenzamine,CC(COC1=CC=CC=C1)N(CCCl)CC1=CC=CC=C1,C18H22ClNO,303.826,303.138992,303.832,3.7024,2,0
DB00645,Dyclonine,CCCCOC1=CC=C(C=C1)C(=O)CCN1CCCCC1,C18H27NO2,289.4125,289.2041791,289.417,3.6568,3,0
DB01359,Penbutolol,CC(C)(C)NC[C@H](O)COC1=CC=CC=C1C1CCCC1,C18H29NO2,291.4284,291.2198292,291.433,3.3965,3,2
DB14638,Diloxanide furoate,CN(C(=O)C(Cl)Cl)C1=CC=C(OC(=O)C2=CC=CO2)C=C1,C14H11Cl2NO4,328.147,327.0065133,328.15,2.8634,5,0
DB01616,Alverine,CCN(CCCC1=CC=CC=C1)CCCC1=CC=CC=C1,C20H27N,281.4351,281.2143499,281.441,4.8759,1,0
DB00922,Levosimendan,C[C@@H]1CC(=O)NN=C1C1=CC=C(NN=C(C#N)C#N)C=C1,C14H12N6O,280.2847,280.107259,280.29,2.1411,7,2
DB01366,Procaterol,CC[C@@H](NC(C)C)[C@@H](O)C1=CC=C(O)C2=C1C=CC(=O)N2,C16H22N2O3,290.363,290.1630426,290.362,0.8971,5,4
DB00521,Carteolol,CC(C)(C)NCC(O)COC1=CC=CC2=C1CCC(=O)N2,C16H24N2O3,292.3734,292.1786926,292.378,1.053,5,3
DB04743,Nimesulide,CS(=O)(=O)NC1=C(OC2=CC=CC=C2)C=C(C=C1)[N+]([O-])=O,C13H12N2O5S,308.31,308.0466922,308.313,1.1823,6,1
DB00695,Furosemide,NS(=O)(=O)C1=C(Cl)C=C(NCC2=CC=CO2)C(=C1)C(O)=O,C12H11ClN2O5S,330.744,330.0077199,330.747,0.7685,7,3
DB01002,Levobupivacaine,CCCCN1CCCC[C@H]1C(=O)NC1=C(C)C=CC=C1C,C18H28N2O,288.4277,288.2201635,288.433,3.7111,3,1
DB00297,Bupivacaine,CCCCN1CCCCC1C(=O)NC1=C(C)C=CC=C1C,C18H28N2O,288.4277,288.2201635,288.433,3.7111,3,1
DB00809,Tropicamide,CCN(CC1=CC=NC=C1)C(=O)C(CO)C1=CC=CC=C1,C17H20N2O2,284.3529,284.1524779,284.358,1.6873,4,1
DB12255,Vadadustat,OC(=O)CNC(=O)C1=C(O)C=C(C=N1)C1=CC(Cl)=CC=C1,C14H11ClN2O4,306.7,306.0407345,306.704,1.201,6,3
DB06803,Niclosamide,OC1=C(C=C(Cl)C=C1)C(=O)NC1=C(Cl)C=C(C=C1)[N+]([O-])=O,C13H8Cl2N2O4,327.12,325.9861122,327.123,2.7518,5,2
DB00373,Timolol,[H][C@](O)(CNC(C)(C)C)COC1=NSN=C1N1CCOCC1,C13H24N4O3S,316.42,316.1569113,316.425,1.0507,7,2
DB00440,Trimethoprim,COC1=CC(CC2=CN=C(N)N=C2N)=CC(OC)=C1OC,C14H18N4O3,290.3177,290.1378905,290.322,1.0686,7,2
DB14753,Hydroxystilbamidine,NC(=N)C1=CC=C(\C=C\C2=C(O)C=C(C=C2)C(N)=N)C=C1,C16H16N4O,280.331,280.1324112,280.33,0.8975,5,5
DB11235,Thonzylamine,COC1=CC=C(CN(CCN(C)C)C2=NC=CC=N2)C=C1,C16H22N4O,286.379,286.1793613,286.378,1.4102,5,0
DB01299,Sulfadoxine,COC1=NC=NC(NS(=O)(=O)C2=CC=C(N)C=C2)=C1OC,C12H14N4O4S,310.329,310.0735756,310.333,0.281,8,2
DB06150,Sulfadimethoxine,COC1=NC(OC)=NC(NS(=O)(=O)C2=CC=C(N)C=C2)=C1,C12H14N4O4S,310.329,310.0735756,310.333,0.6505,8,2
DB14650,Menadiol diphosphate,CC1=C(OP(O)(O)=O)C2=CC=CC=C2C(OP(O)(O)=O)=C1,C11H12O8P2,334.1557,334.0007404,334.156,-3.9835,8,4
DB00674,Galantamine,[H][C@]12C[C@@H](O)C=C[C@]11CCN(C)CC3=C1C(O2)=C(OC)C=C3,C17H21NO3,287.3535,287.1521435,287.358,1.1901,4,1
DB00504,Levallorphan,[H][C@@]12CCCC[C@@]11CCN(CC=C)[C@@H]2CC2=C1C=C(O)C=C2,C19H25NO,283.4079,283.1936144,283.414,3.5759,2,1
DB13292,Pimethixene,CN1CCC(CC1)=C1C2=CC=CC=C2SC2=CC=CC=C12,C19H19NS,293.43,293.1238208,293.433,4.7621,1,0
DB06153,Pizotifen,CN1CCC(CC1)=C1C2=C(CCC3=CC=CC=C13)SC=C2,C19H21NS,295.44,295.1394709,295.449,4.5187,1,0
DB00934,Maprotiline,CNCCCC12CCC(C3=CC=CC=C13)C1=CC=CC=C21,C20H23N,277.4033,277.1830497,277.41,3.7029,1,1
DB01048,Abacavir,NC1=NC2=C(N=CN2[C@@H]2C[C@H](CO)C=C2)C(NC2CC2)=N1,C14H18N6O,286.3323,286.1542092,286.338,0.901,7,3
DB11699,Tropisetron,[H][C@]12CC[C@]([H])(C[C@@]([H])(C1)OC(=O)C1=CNC3=CC=CC=C13)N2C,C17H20N2O2,284.3529,284.1524779,284.358,2.4693,4,1
DB00902,Methdilazine,CN1CCC(CN2C3=CC=CC=C3SC3=CC=CC=C23)C1,C18H20N2S,296.43,296.1347193,296.437,4.2005,2,0
DB01215,Estazolam,ClC1=CC2=C(C=C1)N1C=NN=C1CN=C2C1=CC=CC=C1,C16H11ClN4,294.738,294.0672241,294.744,2.3861,4,0
DB04573,Estriol,[H][C@@]12C[C@@H](O)[C@H](O)[C@@]1(C)CC[C@]1([H])C3=C(CC[C@@]21[H])C=C(O)C=C3,C18H24O3,288.3814,288.1725446,288.386,3.0245,3,3
DB06697,Artemether,[H][C@@]12CC[C@@H](C)[C@]3([H])CC[C@@]4(C)OO[C@@]13[C@]([H])(O[C@H](OC)[C@@H]2C)O4,C16H26O5,298.3746,298.1780239,298.377,2.9012,5,0
DB12474,Lynestrenol,C[C@]12CC[C@H]3[C@@H](CCC4=CCCC[C@H]34)[C@@H]1CC[C@@]2(O)C#C,C20H28O,284.443,284.2140155,284.441,3.792,1,1
DB15690,Fluoroestradiol F-18,[H][C@@]12C[C@@H]([18F])[C@H](O)[C@@]1(C)CC[C@]1([H])C3=C(CC[C@@]21[H])C=C(O)C=C3,C18H23FO2,289.381,289.1707426,289.38,3.7256,2,2
DB01708,Prasterone,[H][C@@]12CCC(=O)[C@@]1(C)CC[C@@]1([H])[C@@]2([H])CC=C2C[C@@]([H])(O)CC[C@]12C,C19H28O2,288.4244,288.2089301,288.429,3.4962,2,1
DB00624,Testosterone,C[C@]12CC[C@H]3[C@@H](CCC4=CC(=O)CC[C@]34C)[C@@H]1CC[C@@H]2O,C19H28O2,288.4244,288.2089301,288.429,3.4962,2,1
DB01574,Attapulgite,[O--].[O--].[O--].[O--].[O--].[O--].[O--].[O--].[O--].[O--].[Mg++].[Al+3].[Si+4].[Si+4].[Si+4].[Si+4].[O-][H].[H]O[H].[H]O[H].[H]O[H].[H]O[H],AlH9MgO15Si4,412.684,411.8684309,412.687,0,0,0
DB14914,Flortaucipir F-18,[18F]C1=CC=C(C=N1)C1=CC=C2C(NC3=C2C=NC=C3)=C1,C16H10FN3,262.278,262.08841,262.277,3.1255,3,1
DB00370,Mirtazapine,CN1CCN2C(C1)C1=CC=CC=C1CC1=C2N=CC=C1,C17H19N3,265.3529,265.1578976,265.359,2.6638,3,0
DB06216,Asenapine,CN1CC2C(C1)C1=C(OC3=CC=C(Cl)C=C23)C=CC=C1,C17H16ClNO,285.77,285.0920418,285.773,4.9405,2,0
DB00514,Dextromethorphan,[H][C@]12CCCC[C@]11CCN(C)[C@H]2CC2=C1C=C(OC)C=C2,C18H25NO,271.404,271.1936144,271.402,3.1764,2,0
DB00714,Apomorphine,[H][C@]12CC3=C(C(O)=C(O)C=C3)C3=CC=CC(CCN1C)=C23,C17H17NO2,267.3224,267.1259288,267.327,2.9282,3,2
DB01619,Phenindamine,CN1CCC2=C(C1)C(C1=CC=CC=C21)C1=CC=CC=C1,C19H19N,261.3609,261.1517496,261.367,3.109,1,0
DB00579,Mazindol,OC1(N2CCN=C2C2=CC=CC=C12)C1=CC=C(Cl)C=C1,C16H13ClN2O,284.74,284.0716408,284.745,3.4206,3,1
DB14201,"2,2'-Dibenzothiazyl disulfide",S(SC1=NC2=CC=CC=C2S1)C1=NC2=CC=CC=C2S1,C14H8N2S4,332.47,331.957033,332.496,4.7862,2,0
DB06148,Mianserin,CN1CCN2C(C1)C1=CC=CC=C1CC1=CC=CC=C21,C18H20N2,264.3648,264.1626487,264.371,3.3133,2,0
DB00238,Nevirapine,CC1=C2NC(=O)C3=C(N=CC=C3)N(C3CC3)C2=NC=C1,C15H14N4O,266.2979,266.1167611,266.303,1.9589,5,1
DB11638,Artenimol,[H][C@@]12CC[C@@H](C)[C@]3([H])CC[C@@]4(C)OO[C@@]13[C@]([H])(O[C@H](O)[C@@H]2C)O4,C15H24O5,284.352,284.1623739,284.351,2.4733,5,1
DB00655,Estrone,[H][C@@]12CCC(=O)[C@@]1(C)CC[C@]1([H])C3=C(CC[C@@]21[H])C=C(O)C=C3,C18H22O2,270.3661,270.1619799,270.371,4.0203,2,1
DB00783,Estradiol,[H][C@@]12CC[C@H](O)[C@@]1(C)CC[C@]1([H])C3=C(CC[C@@]21[H])C=C(O)C=C3,C18H24O2,272.382,272.17763,272.387,3.8766,2,2
DB00143,Glutathione,N[C@@H](CCC(=O)N[C@@H](CS)C(=O)NCC(O)=O)C(O)=O,C10H17N3O6S,307.323,307.083806,307.326,-4.8991,9,5
DB11079,Trolamine salicylate,OCCN(CCO)CCO.OC(=O)C1=CC=CC=C1O,C13H21NO6,287.312,287.1368874,287.311,0.799,3,2
DB01718,Cetrimonium,CCCCCCCCCCCCCCCC[N+](C)(C)C,C19H42N,284.5435,284.3317253,284.549,3.6945,0,0
DB11164,Bicisate,CCOC(=O)[C@H](CS)NCCN[C@@H](CS)C(=O)OCC,C12H24N2O4S2,324.45,324.1177496,324.465,-0.4562,6,2
DB00202,Succinylcholine,C[N+](C)(C)CCOC(=O)CCC(=O)OCC[N+](C)(C)C,C14H30N2O4,290.399,290.2205575,290.402,-6.2868,4,0
DB00974,Edetic acid,OC(=O)CN(CCN(CC(O)=O)CC(O)=O)CC(O)=O,C10H16N2O8,292.2426,292.0906655,292.243,-6.1434,10,4
DB12097,Mannitol busulfan,CS(=O)(=O)OC[C@@H](O)[C@@H](O)[C@H](O)[C@H](O)COS(C)(=O)=O,C8H18O10S2,338.34,338.0341391,338.353,-3.195,10,4
DB09531,Perflexane,FC(F)(F)C(F)(F)C(F)(F)C(F)(F)C(F)(F)C(F)(F)F,C6F14,338.044,337.9776443,338.038,4.7818,0,0
DB01096,Oxamniquine,CC(C)NCC1CCC2=CC(CO)=C(C=C2N1)[N+]([O-])=O,C14H21N3O3,279.3348,279.1582916,279.339,0.2755,5,3
DB13858,Dimazole,CCN(CC)CCOC1=CC2=C(C=C1)N=C(S2)N(C)C,C15H23N3OS,293.43,293.1561835,293.434,2.8008,4,0
DB00669,Sumatriptan,CNS(=O)(=O)CC1=CC=C2NC=C(CCN(C)C)C2=C1,C14H21N3O2S,295.4,295.1354476,295.406,1.1112,5,2
DB14921,Mavacamten,CC(C)N1C(=O)NC(N[C@@H](C)C2=CC=CC=C2)=CC1=O,C15H19N3O2,273.336,273.1477269,273.335,1.8259,5,2
DB00774,Hydroflumethiazide,NS(=O)(=O)C1=CC2=C(NCNS2(=O)=O)C=C1C(F)(F)F,C8H8F3N3O4S2,331.292,330.9908318,331.295,-0.1372,7,3
DB01021,Trichlormethiazide,NS(=O)(=O)C1=C(Cl)C=C2NC(NS(=O)(=O)C2=C1)C(Cl)Cl,C8H8Cl3N3O4S2,380.656,378.9021803,380.66,0.6037,7,3
DB01598,Imipenem,[H][C@]12CC(SCC\N=C\N)=C(N1C(=O)[C@]2([H])[C@@H](C)O)C(O)=O,C12H17N3O4S,299.346,299.0939767,299.35,-1.7958,7,3
DB00963,Bromfenac,NC1=C(CC(O)=O)C=CC=C1C(=O)C1=CC=C(Br)C=C1,C15H12BrNO3,334.165,333.0000559,334.168,2.3207,4,2
DB12107,Vaborbactam,OB1O[C@H](CC(O)=O)CC[C@@H]1NC(=O)CC1=CC=CS1,C12H16BNO5S,297.13,297.084224,297.138,1.1595,6,3
DB00323,Tolcapone,CC1=CC=C(C=C1)C(=O)C1=CC(=C(O)C(O)=C1)[N+]([O-])=O,C14H11NO5,273.2408,273.0637225,273.243,1.5205,5,2
DB11642,Pitolisant,ClC1=CC=C(CCCOCCCN2CCCCC2)C=C1,C17H26ClNO,295.85,295.1702922,295.852,4.2679,2,0
DB01237,Bromodiphenhydramine,CN(C)CCOC(C1=CC=CC=C1)C1=CC=C(Br)C=C1,C17H20BrNO,334.251,333.0728269,334.256,3.631,2,0
DB04837,Clofedanol,CN(C)CCC(O)(C1=CC=CC=C1)C1=CC=CC=C1Cl,C17H20ClNO,289.8,289.123342,289.805,3.0552,2,1
DB01173,Orphenadrine,CN(C)CCOC(C1=CC=CC=C1)C1=CC=CC=C1C,C18H23NO,269.3813,269.1779644,269.387,3.2497,2,0
DB02266,Flufenamic acid,OC(=O)C1=CC=CC=C1NC1=CC(=CC=C1)C(F)(F)F,C14H10F3NO2,281.2299,281.0663632,281.232,3.5234,3,2
DB01283,Lumiracoxib,CC1=CC=C(NC2=C(Cl)C=CC=C2F)C(CC(O)=O)=C1,C15H13ClFNO2,293.721,293.0618846,293.724,3.7239,3,2
DB11096,Meradimate,CC(C)C1CCC(C)CC1OC(=O)C1=CC=CC=C1N,C17H25NO2,275.392,275.188529,275.39,3.6623,3,1
DB00285,Venlafaxine,COC1=CC=C(C=C1)C(CN(C)C)C1(O)CCCCC1,C17H27NO2,277.4018,277.2041791,277.406,2.5908,3,1
DB00432,Trifluridine,OC[C@H]1O[C@H](C[C@@H]1O)N1C=C(C(=O)NC1=O)C(F)(F)F,C10H11F3N2O5,296.1999,296.0620061,296.2,-0.7666,7,3
DB00748,Carbinoxamine,CN(C)CCOC(C1=CC=C(Cl)C=C1)C1=CC=CC=N1,C16H19ClN2O,290.788,290.1185909,290.793,2.5649,3,0
DB00366,Doxylamine,CN(C)CCOC(C)(C1=CC=CC=C1)C1=CC=CC=N1,C17H22N2O,270.3694,270.1732133,270.375,1.8821,3,0
DB00296,Ropivacaine,CCCN1CCCC[C@H]1C(=O)NC1=C(C)C=CC=C1C,C17H26N2O,274.4011,274.2045135,274.406,3.2567,3,1
DB19358,Chlorisondamine,C[N+](C)(C)CC[N+]1(C)CC2=C(C1)C(Cl)=C(Cl)C(Cl)=C2Cl,C14H20Cl4N2,358.13,356.0369623,358.139,-3.2619,0,0
DB01298,Sulfacytine,CCN1C=CC(NS(=O)(=O)C2=CC=C(N)C=C2)=NC1=O,C12H14N4O3S,294.33,294.078661,294.334,-0.0121,7,2
DB00806,Pentoxifylline,CN1C=NC2=C1C(=O)N(CCCCC(C)=O)C(=O)N2C,C13H18N4O3,278.307,278.1378905,278.311,0.9925,7,0
DB18002,Lomifylline,CN1C2=C(N(CCCCC(C)=O)C=N2)C(=O)N(C)C1=O,C13H18N4O3,278.312,278.1378905,278.311,0.8422,7,0
DB04838,Cyclandelate,CC1CC(CC(C)(C)C1)OC(=O)C(O)C1=CC=CC=C1,C17H24O3,276.3707,276.1725446,276.375,2.9264,3,1
DB11201,Menthyl salicylate,CC(C)[C@@H]1CC[C@@H](C)C[C@H]1OC(=O)C1=CC=CC=C1O,C17H24O3,276.376,276.1725446,276.375,3.9939,3,1
DB00890,Dienestrol,[H]\C(C)=C(/C(=C(\[H])C)/C1=CC=C(O)C=C1)\C1=CC=C(O)C=C1,C18H18O2,266.34,266.1306798,266.339,4.2726,2,2
DB00255,Diethylstilbestrol,CC\C(=C(\CC)C1=CC=C(O)C=C1)C1=CC=C(O)C=C1,C18H20O2,268.356,268.1463299,268.355,4.5248,2,2
DB00981,Physostigmine,[H][C@]12N(C)CC[C@@]1(C)C1=C(C=CC(OC(=O)NC)=C1)N2C,C15H21N3O2,275.3461,275.1633769,275.351,1.6806,5,1
DB08910,Pomalidomide,NC1=C2C(=O)N(C3CCC(=O)NC3=O)C(=O)C2=CC=C1,C13H11N3O4,273.2441,273.0749559,273.247,-0.5679,7,2
DB08799,Antazoline,C(N(CC1=CC=CC=C1)C1=CC=CC=C1)C1=NCCN1,C17H19N3,265.3529,265.1578976,265.359,2.0152,3,1
DB00631,Clofarabine,[H][C@]1(F)[C@H](O)[C@@H](CO)O[C@H]1N1C=NC2=C(N)N=C(Cl)N=C12,C10H11ClFN5O3,303.677,303.0534452,303.68,-0.1904,8,3
DB00442,Entecavir,NC1=NC(=O)C2=C(N1)N(C=N2)[C@H]1C[C@H](O)[C@@H](CO)C1=C,C12H15N5O3,277.2792,277.1174894,277.283,-1.0456,8,4
DB01073,Fludarabine,NC1=NC(F)=NC2=C1N=CN2[C@@H]1O[C@H](CO)[C@@H](O)[C@@H]1O,C10H12FN5O4,285.235,285.087332,285.234,-1.2693,9,4
DB00953,Rizatriptan,CN(C)CCC1=CNC2=C1C=C(CN1C=NC=N1)C=C2,C15H19N5,269.3449,269.1640456,269.351,1.0481,5,1
DB11644,Tafamidis,OC(=O)C1=CC=C2N=C(OC2=C1)C1=CC(Cl)=CC(Cl)=C1,C14H7Cl2NO3,308.116,306.9802985,308.12,4.0115,4,1
DB11181,Homatropine,[H][C@]12CC[C@]([H])(C[C@@H](C1)OC(=O)C(O)C1=CC=CC=C1)N2C,C16H21NO3,275.348,275.1521435,275.347,1.3579,4,1
DB11584,Pipradrol,[H]N1CCCCC1C(O)(C1=CC=CC=C1)C1=CC=CC=C1,C18H21NO,267.372,267.1623143,267.371,2.7933,2,2
DB01104,Sertraline,CN[C@H]1CC[C@@H](C2=CC(Cl)=C(Cl)C=C2)C2=CC=CC=C12,C17H17Cl2N,306.23,305.073805,306.235,4.1999,1,1
DB00344,Protriptyline,CNCCCC1C2=CC=CC=C2C=CC2=CC=CC=C12,C19H21N,263.3767,263.1673997,263.383,3.6848,1,1
DB00540,Nortriptyline,CNCCC=C1C2=CC=CC=C2CCC2=CC=CC=C12,C19H21N,263.3767,263.1673997,263.383,4.1391,1,1
DB01074,Perhexiline,C(C(C1CCCCC1)C1CCCCC1)C1CCCCN1,C19H35N,277.4879,277.2769501,277.494,4.8845,1,1
DB00829,Diazepam,CN1C2=C(C=C(Cl)C=C2)C(=NCC1=O)C1=CC=CC=C1,C16H13ClN2O,284.74,284.0716408,284.745,2.9846,3,0
DB00842,Oxazepam,OC1N=C(C2=CC=CC=C2)C2=C(NC1=O)C=CC(Cl)=C2,C15H11ClN2O2,286.713,286.0509053,286.717,2.2758,4,2
DB13288,Tromantadine,CN(C)CCOCC(=O)NC12CC3CC(CC(C3)C1)C2,C16H28N2O2,280.412,280.2150782,280.41,0.9308,4,1
DB01618,Molindone,CCC1=C(C)NC2=C1C(=O)C(CN1CCOCC1)CC2,C16H24N2O2,276.374,276.183778,276.379,1.7313,4,1
DB00420,Promazine,CN(C)CCCN1C2=CC=CC=C2SC2=CC=CC=C12,C17H20N2S,284.419,284.1347193,284.426,4.0009,2,0
DB01069,Promethazine,CC(CN1C2=CC=CC=C2SC2=CC=CC=C12)N(C)C,C17H20N2S,284.419,284.1347193,284.426,3.9058,2,0
DB04826,Thenalidine,CN1CCC(CC1)N(CC1=CC=CS1)C1=CC=CC=C1,C17H22N2S,286.435,286.1503694,286.442,3.3418,2,0
DB14196,"N-Cyclohexyl-N'-phenyl-1,4-phenylenediamine",C1CCC(CC1)NC1=CC=C(NC2=CC=CC=C2)C=C1,C18H22N2,266.388,266.1782987,266.387,4.3927,2,2
DB01151,Desipramine,CNCCCN1C2=CC=CC=C2CCC2=CC=CC=C12,C18H22N2,266.3807,266.1782987,266.387,3.6244,2,1
DB01176,Cyclizine,CN1CCN(CC1)C(C1=CC=CC=C1)C1=CC=CC=C1,C18H22N2,266.3807,266.1782987,266.387,3.0767,2,0
DB01606,Tazobactam,[H][C@@]12CC(=O)N1[C@@H](C(O)=O)[C@](C)(CN1C=CN=N1)S2(=O)=O,C10H12N4O5S,300.291,300.0528402,300.294,-1.5093,9,1
DB00464,Sodium tetradecyl sulfate,[Na+].CCCCC(CC)CCC(CC(C)C)OS([O-])(=O)=O,C14H29NaO4S,316.43,316.1684249,316.436,3.3212,4,1
DB00927,Famotidine,NC(N)=NC1=NC(CSCCC(N)=NS(N)(=O)=O)=CS1,C8H15N7O2S3,337.445,337.0449348,337.452,-1.113,9,4
DB01233,Metoclopramide,CCN(CC)CCNC(=O)C1=CC(Cl)=C(N)C=C1OC,C14H22ClN3O2,299.796,299.1400547,299.801,1.4695,5,2
DB01303,Oxtriphylline,C[N+](C)(C)CCO.CN1C2=C([N-]C=N2)C(=O)N(C)C1=O,C12H21N5O3,283.3268,283.1644396,283.331,-0.3112,6,1
DB09205,Moxisylyte,CC(C)C1=C(OCCN(C)C)C=C(C)C(OC(C)=O)=C1,C16H25NO3,279.38,279.1834437,279.379,2.807,4,0
DB11570,Padimate O,CCCCC(CC)COC(=O)C1=CC=C(C=C1)N(C)C,C17H27NO2,277.408,277.2041791,277.406,4.3656,3,0
DB00446,Chloramphenicol,OC[C@@H](NC(=O)C(Cl)Cl)[C@H](O)C1=CC=C(C=C1)[N+]([O-])=O,C11H12Cl2N2O5,323.129,322.0123269,323.131,-0.4248,6,3
DB08987,Etidocaine,CCCN(CC)C(CC)C(=O)NC1=C(C)C=CC=C1C,C17H28N2O,276.417,276.2201635,276.422,3.4253,3,1
DB11197,Ferrous cysteine glycinate,[Fe++].NCC(O)=O.[H][C@](N)(CS)C(O)=O.[H][C@](N)(C[S-])C([O-])=O,C8H17FeN3O6S2,371.2,370.990814,371.215,-3.0583,3,2
DB01255,Lisdexamfetamine,C[C@@H](CC1=CC=CC=C1)NC(=O)[C@@H](N)CCCCN,C15H25N3O,263.3785,263.1997624,263.384,0.9356,4,3
DB13247,Pramiracetam,CC(C)N(CCNC(=O)CN1CCCC1=O)C(C)C,C14H27N3O2,269.389,269.2103271,269.387,0.4039,5,1
DB01580,Oxprenolol,CC(C)NCC(O)COC1=CC=CC=C1OCC=C,C15H23NO3,265.348,265.1677936,265.352,1.8263,4,2
DB00264,Metoprolol,COCCC1=CC=C(OCC(O)CNC(C)C)C=C1,C15H25NO3,267.3639,267.1834437,267.368,1.4818,4,2
DB00291,Chlorambucil,OC(=O)CCCC1=CC=C(C=C1)N(CCCl)CCCl,C14H19Cl2NO2,304.212,303.0792843,304.216,3.2192,3,1
DB01032,Probenecid,CCCN(CCC)S(=O)(=O)C1=CC=C(C=C1)C(O)=O,C13H19NO4S,285.359,285.1034788,285.363,2.0847,5,1
DB00499,Flutamide,CC(C)C(=O)NC1=CC(=C(C=C1)[N+]([O-])=O)C(F)(F)F,C11H11F3N2O3,276.2118,276.0721768,276.213,1.9627,4,1
DB09009,Articaine,CCCNC(C)C(=O)NC1=C(SC=C1C)C(=O)OC,C13H20N2O3S,284.374,284.1194632,284.379,1.7338,5,2
DB00335,Atenolol,CC(C)NCC(O)COC1=CC=C(CC(N)=O)C=C1,C14H22N2O3,266.3361,266.1630426,266.34,0.3065,5,3
DB01297,Practolol,CC(C)NCC(O)COC1=CC=C(NC(C)=O)C=C1,C14H22N2O3,266.3361,266.1630426,266.34,0.9248,5,3
DB00474,Methohexital,CCC#CC(C)C1(CC=C)C(=O)NC(=O)N(C)C1=O,C14H18N2O3,262.3043,262.1317425,262.308,1.9052,5,1
DB02546,Vorinostat,ONC(=O)CCCCCCC(=O)NC1=CC=CC=C1,C14H20N2O3,264.3202,264.1473925,264.324,2.299,5,3
DB08880,Teriflunomide,C\C(O)=C(/C#N)C(=O)NC1=CC=C(C=C1)C(F)(F)F,C12H9F3N2O2,270.2073,270.0616122,270.209,2.5535,4,2
DB01042,Melphalan,N[C@@H](CC1=CC=C(C=C1)N(CCCl)CCCl)C(O)=O,C13H18Cl2N2O2,305.2,304.0745332,305.204,-0.3816,4,2
DB09085,Tetracaine,CCCCNC1=CC=C(C=C1)C(=O)OCCN(C)C,C15H24N2O2,264.369,264.183778,264.368,2.2345,4,1
DB06716,Fospropofol,CC(C)C1=CC=CC(C(C)C)=C1OCOP(O)(O)=O,C13H21O5P,288.2766,288.1126603,288.279,0.2188,5,2
DB00903,Etacrynic acid,CCC(=C)C(=O)C1=C(Cl)C(Cl)=C(OCC(O)=O)C=C1,C13H12Cl2O4,303.138,302.0112643,303.14,3.1325,4,1
DB00993,Azathioprine,CN1C=NC(=C1SC1=NC=NC2=C1NC=N2)[N+]([O-])=O,C9H7N7O2S,277.263,277.0381932,277.268,-0.2824,8,1
DB00384,Triamterene,NC1=NC(N)=C2N=C(C(N)=NC2=N1)C1=CC=CC=C1,C12H11N7,253.2626,253.1075934,253.268,0.6075,7,3
DB00480,Lenalidomide,NC1=CC=CC2=C1CN(C1CCC(=O)NC1=O)C2=O,C13H13N3O3,259.2606,259.0956913,259.264,-0.7383,6,2
DB01558,Bromazepam,BrC1=CC2=C(NC(=O)CN=C2C2=CC=CC=N2)C=C1,C14H10BrN3O,316.153,315.0007246,316.157,1.7986,4,1
DB00242,Cladribine,NC1=C2N=CN([C@H]3C[C@H](O)[C@@H](CO)O3)C2=NC(Cl)=N1,C10H12ClN5O3,285.687,285.062867,285.69,-0.0394,8,3
DB00640,Adenosine,NC1=C2N=CN([C@@H]3O[C@H](CO)[C@@H](O)[C@H]3O)C2=NC=N1,C10H13N5O4,267.2413,267.0967539,267.244,-1.7396,9,4
DB00194,Vidarabine,NC1=NC=NC2=C1N=CN2[C@@H]1O[C@H](CO)[C@@H](O)[C@@H]1O,C10H13N5O4,267.2413,267.0967539,267.244,-1.7396,9,4
DB05219,Crisaborole,OB1OCC2=C1C=CC(OC1=CC=C(C=C1)C#N)=C2,C14H10BNO3,251.05,251.075373,251.048,1.8538,4,1
DB00465,Ketorolac,OC(=O)C1CCN2C1=CC=C2C(=O)C1=CC=CC=C1,C15H13NO3,255.2686,255.0895433,255.272,2.3688,4,1
DB12293,Nefopam,CN1CCOC(C2=CC=CC=C2)C2=CC=CC=C2C1,C17H19NO,253.345,253.1466642,253.344,2.6643,2,0
DB00821,Carprofen,CC(C(O)=O)C1=CC2=C(C=C1)C1=C(N2)C=CC(Cl)=C1,C15H12ClNO2,273.714,273.0556563,273.718,3.5326,3,2
DB00980,Ramelteon,CCC(=O)NCC[C@@H]1CCC2=C1C1=C(OCC1)C=C2,C16H21NO2,259.3434,259.1572289,259.348,3.3717,3,1
DB11115,Ensulizole,OS(=O)(=O)C1=CC2=C(C=C1)N=C(N2)C1=CC=CC=C1,C13H10N2O3S,274.29,274.0412134,274.299,0.5025,5,2
DB00827,Cinoxacin,CCN1N=C(C(O)=O)C(=O)C2=CC3=C(OCO3)C=C12,C12H10N2O5,262.2182,262.0589714,262.22,0.9582,7,1
DB09151,Flutemetamol (18F),CNC1=C([18F])C=C(C=C1)C1=NC2=CC=C(O)C=C2S1,C14H11FN2OS,273.32,273.0601468,273.321,2.8939,3,2
DB00776,Oxcarbazepine,NC(=O)N1C2=CC=CC=C2CC(=O)C2=C1C=CC=C2,C15H12N2O2,252.268,252.0898776,252.272,2.6201,4,1
DB14575,Eslicarbazepine,NC(=O)N1C2=CC=CC=C2[C@@H](O)CC2=C1C=CC=C2,C15H14N2O2,254.2839,254.1055277,254.288,2.4449,4,2
DB00252,Phenytoin,O=C1NC(=O)C(N1)(C1=CC=CC=C1)C1=CC=CC=C1,C15H12N2O2,252.268,252.0898776,252.272,1.6705,4,2
DB01041,Thalidomide,O=C1N(C2CCC(=O)NC2=O)C(=O)C2=CC=CC=C12,C13H10N2O4,258.2295,258.0640568,258.232,0.1094,6,1
DB00552,Pentostatin,OC[C@H]1O[C@H](C[C@@H]1O)N1C=NC2=C1N=CNC[C@H]2O,C11H16N4O4,268.2691,268.117155,268.272,-1.5848,8,4
DB01125,Anisindione,COC1=CC=C(C=C1)C1C(=O)C2=CC=CC=C2C1=O,C16H12O3,252.2647,252.0786443,252.268,3.0472,3,0
DB11219,Enzacamene,CC1=CC=C(\C=C2/C3CCC(C)(C2=O)C3(C)C)C=C1,C18H22O,254.373,254.1670653,254.372,4.2704,1,0
DB14116,Silodrate,O.[O--].[O--].[Mg++].[Mg++].[Al+3].[Al+3].[O-][Si]([O-])=O.[O-][Si]([O-])=O.[O-][Si]([O-])=O,Al2H2Mg2O12Si3,380.832,379.8185655,380.836,0.3317,3,2
DB00751,Epinastine,NC1=NCC2N1C1=CC=CC=C1CC1=CC=CC=C21,C16H15N3,249.3104,249.1265975,249.316,2.5825,3,1
DB00854,Levorphanol,[H][C@@]12CCCC[C@@]11CCN(C)[C@@H]2CC2=C1C=C(O)C=C2,C17H23NO,257.3706,257.1779644,257.376,2.9007,2,1
DB00710,Ibandronate,CCCCCN(C)CCC(O)(P(O)(O)=O)P(O)(O)=O,C9H23NO7P2,319.2289,319.0949751,319.23,-6.6732,8,5
DB13970,Dioctyldimonium,CCCCCCCC[N+](C)(C)CCCCCCCC,C18H40N,270.524,270.3155267,270.523,3.192,0,0
DB11179,Exametazime,C[C@@H](NCC(C)(C)CN[C@H](C)C(\C)=N\O)C(\C)=N\O,C13H28N4O2,272.393,272.2212262,272.391,1.8465,6,4
DB00772,Malathion,CCOC(=O)CC(SP(=S)(OC)OC)C(=O)OCC,C10H19O6PS2,330.358,330.0360662,330.361,2.0313,6,0
DB11328,Tetradecyl hydrogen sulfate (ester),CCCCC(CC)CCC(CC(C)C)OS(O)(=O)=O,C14H30O4S,294.45,294.1864806,294.454,3.3212,4,1
DB12265,Fexinidazole,CSC1=CC=C(OCC2=NC=C(N2C)[N+]([O-])=O)C=C1,C12H13N3O3S,279.31,279.0677625,279.319,1.0972,5,0
DB11820,Nifurtimox,CC1CS(=O)(=O)CCN1\N=C\C1=CC=C(O1)[N+]([O-])=O,C10H13N3O5S,287.29,287.0575917,287.295,-0.2513,7,0
DB15357,Xanomeline,CCCCCCOC1=NSN=C1C1=CCCN(C)C1,C14H23N3OS,281.42,281.1561835,281.423,3.6137,4,0
DB01087,Primaquine,COC1=CC(NC(C)CCCN)=C2N=CC=CC2=C1,C15H21N3O,259.3467,259.1684623,259.352,1.9025,4,2
DB16965,PBT-434,CCNCC1=NC2=C(C(Cl)=CC(Cl)=C2O)C(=O)N1C,C12H13Cl2N3O2,302.16,301.0384821,302.16,1.3415,5,2
DB00792,Tripelennamine,CN(C)CCN(CC1=CC=CC=C1)C1=CC=CC=N1,C16H21N3,255.358,255.1735477,255.364,2.0244,3,0
DB00495,Zidovudine,CC1=CN([C@H]2C[C@H](N=[N+]=[N-])[C@@H](CO)O2)C(=O)NC1=O,C10H13N5O4,267.2413,267.0967539,267.244,-1.0194,8,2
DB00500,Tolmetin,CN1C(CC(O)=O)=CC=C1C(=O)C1=CC=C(C)C=C1,C15H15NO3,257.2845,257.1051934,257.288,1.58,4,1
DB11160,Phenyltoloxamine,CN(C)CCOC1=CC=CC=C1CC1=CC=CC=C1,C17H21NO,255.361,255.1623143,255.36,3.1053,2,0
DB01075,Diphenhydramine,CN(C)CCOC(C1=CC=CC=C1)C1=CC=CC=C1,C17H21NO,255.3547,255.1623143,255.36,2.9058,2,0
DB00289,Atomoxetine,CNCC[C@@H](OC1=CC=CC=C1C)C1=CC=CC=C1,C17H21NO,255.3547,255.1623143,255.36,3.1197,2,1
DB06413,Armodafinil,NC(=O)C[S@@](=O)C(C1=CC=CC=C1)C1=CC=CC=C1,C15H15NO2S,273.35,273.0823499,273.355,0.3845,3,1
DB00745,Modafinil,NC(=O)CS(=O)C(C1=CC=CC=C1)C1=CC=CC=C1,C15H15NO2S,273.35,273.0823494,273.355,0.3845,3,1
DB00586,Diclofenac,OC(=O)CC1=CC=CC=C1NC1=C(Cl)C=CC=C1Cl,C14H11Cl2NO2,296.149,295.016684,296.152,3.8852,3,2
DB00939,Meclofenamic acid,CC1=C(Cl)C(NC2=CC=CC=C2C(O)=O)=C(Cl)C=C1,C14H11Cl2NO2,296.149,295.016684,296.152,4.231,3,2
DB08988,Ethoheptazine,CCOC(=O)C1(CCCN(C)CC1)C1=CC=CC=C1,C16H23NO2,261.3593,261.172879,261.364,2.4137,3,0
DB00473,Hexylcaine,CC(CNC1CCCCC1)OC(=O)C1=CC=CC=C1,C16H23NO2,261.3593,261.172879,261.364,2.9209,3,1
DB06700,Desvenlafaxine,CN(C)CC(C1=CC=C(O)C=C1)C1(O)CCCCC1,C16H25NO2,263.3752,263.188529,263.38,2.3151,3,2
DB00571,Propranolol,CC(C)NCC(O)COC1=CC=CC2=C1C=CC=C2,C16H21NO2,259.3434,259.1572289,259.348,2.4155,3,2
DB13219,Medifoxamine,CN(C)CC(OC1=CC=CC=C1)OC1=CC=CC=C1,C16H19NO2,257.333,257.1415789,257.332,2.5271,3,0
DB00193,Tramadol,COC1=CC=CC(=C1)C1(O)CCCCC1CN(C)C,C16H25NO2,263.381,263.188529,263.38,2.2768,3,1
DB01105,Sibutramine,CC(C)CC(N(C)C)C1(CCC1)C1=CC=C(Cl)C=C1,C17H26ClN,279.848,279.1753775,279.853,4.2703,1,0
DB09355,Sulfabenzamide,NC1=CC=C(C=C1)S(=O)(=O)NC(=O)C1=CC=CC=C1,C13H12N2O3S,276.311,276.056863,276.315,1.6082,5,2
DB09069,Trimetazidine,COC1=C(OC)C(OC)=C(CN2CCNCC2)C=C1,C14H22N2O3,266.341,266.1630426,266.34,0.898,5,1
DB03312,Brivudine,OC[C@H]1O[C@H](C[C@@H]1O)N1C=C(\C=C\Br)C(=O)NC1=O,C11H13BrN2O5,333.135,332.0007842,333.137,-0.7277,7,3
DB11155,Triclocarban,ClC1=CC=C(NC(=O)NC2=CC(Cl)=C(Cl)C=C2)C=C1,C13H9Cl3N2O,315.58,313.978046,315.586,4.619,3,2
DB00935,Oxymetazoline,CC1=CC(=C(O)C(C)=C1CC1=NCCN1)C(C)(C)C,C16H24N2O,260.3746,260.1888634,260.38,2.9779,3,2
DB00268,Ropinirole,CCCN(CCC)CCC1=C2CC(=O)NC2=CC=C1,C16H24N2O,260.3746,260.1888634,260.38,2.5433,3,1
DB01097,Leflunomide,CC1=C(C=NO1)C(=O)NC1=CC=C(C=C1)C(F)(F)F,C12H9F3N2O2,270.2073,270.0616122,270.209,2.4636,4,1
DB06802,Nepafenac,NC(=O)CC1=CC=CC(C(=O)C2=CC=CC=C2)=C1N,C15H14N2O2,254.2839,254.1055277,254.288,1.1977,4,2
DB00869,Dorzolamide,CCN[C@H]1C[C@H](C)S(=O)(=O)C2=C1C=C(S2)S(N)(=O)=O,C10H16N2O4S3,324.44,324.0272191,324.445,0.2792,6,2
DB04832,Zimelidine,CN(C)C\C=C(\C1=CC=C(Br)C=C1)C1=CC=CN=C1,C16H17BrN2,317.23,316.057512,317.229,2.3167,2,0
DB00405,Dexbrompheniramine,CN(C)CC[C@@H](C1=CC=C(Br)C=C1)C1=CC=CC=N1,C16H19BrN2,319.239,318.0731613,319.245,3.4729,2,0
DB00835,Brompheniramine,CN(C)CCC(C1=CC=C(Br)C=C1)C1=CC=CC=N1,C16H19BrN2,319.239,318.0731613,319.245,3.4729,2,0
DB01114,Chlorpheniramine,CN(C)CCC(C1=CC=C(Cl)C=C1)C1=CC=CC=N1,C16H19ClN2,274.788,274.1236763,274.794,3.3537,2,0
DB06821,Sulfameter,COC1=CN=C(NS(=O)(=O)C2=CC=C(N)C=C2)N=C1,C11H12N4O3S,280.3,280.0630114,280.307,0.0177,7,2
DB00664,Sulfametopyrazine,COC1=NC=CN=C1NS(=O)(=O)C1=CC=C(N)C=C1,C11H12N4O3S,280.303,280.063011,280.307,-0.0876,7,2
DB11989,Benznidazole,[O-][N+](=O)C1=NC=CN1CC(=O)NCC1=CC=CC=C1,C12H12N4O3,260.253,260.0909403,260.252,-0.248,6,1
DB01582,Sulfamethazine,CC1=CC(C)=NC(NS(=O)(=O)C2=CC=C(N)C=C2)=N1,C12H14N4O2S,278.33,278.0837464,278.335,0.8835,6,2
DB00380,Dexrazoxane,C[C@@H](CN1CC(=O)NC(=O)C1)N1CC(=O)NC(=O)C1,C11H16N4O4,268.2691,268.117155,268.272,-2.6903,8,2
DB11217,Arbutin,OC[C@H]1O[C@@H](OC2=CC=C(O)C=C2)[C@H](O)[C@@H](O)[C@@H]1O,C12H16O7,272.2512,272.0896029,272.252,-1.0211,7,5
DB14109,alpha-Arbutin,OC[C@H]1O[C@H](OC2=CC=C(O)C=C2)[C@H](O)[C@@H](O)[C@@H]1O,C12H16O7,272.253,272.0896029,272.252,-1.0211,7,5
DB09214,Dexketoprofen,[H][C@@](C)(C(O)=O)C1=CC(=CC=C1)C(=O)C1=CC=CC=C1,C16H14O3,254.2806,254.0942943,254.284,2.7003,3,1
DB01009,Ketoprofen,CC(C(O)=O)C1=CC(=CC=C1)C(=O)C1=CC=CC=C1,C16H14O3,254.2806,254.0942943,254.284,2.7003,3,1
DB11064,Homosalate,CC1CC(CC(C)(C)C1)OC(=O)C1=C(O)C=CC=C1,C16H22O3,262.349,262.1568946,262.348,3.6527,3,1
DB08981,Fenbufen,OC(=O)CCC(=O)C1=CC=C(C=C1)C1=CC=CC=C1,C16H14O3,254.2806,254.0942943,254.284,2.8225,3,1
DB01399,Salsalate,OC(=O)C1=CC=CC=C1OC(=O)C1=CC=CC=C1O,C14H10O5,258.2262,258.0528234,258.228,2.2295,5,2
DB06083,Tapinarof,CC(C)C1=C(O)C=C(\C=C\C2=CC=CC=C2)C=C1O,C17H18O2,254.329,254.1306798,254.328,4.3622,2,2
DB19387,Acetomenaphthone,CC(=O)OC1=CC(C)=C(OC(C)=O)C2=CC=CC=C12,C15H14O4,258.273,258.0892089,258.272,3.1713,4,0
DB11168,Calcium threonate,[Ca++].OC[C@H](O)[C@@H](O)C([O-])=O.OC[C@H](O)[C@@H](O)C([O-])=O,C8H14CaO10,310.268,310.0212876,310.267,-2.3606,5,4
DB09511,Talc,[O--].[O--].[O--].[O--].[O--].[O--].[O--].[O--].[O--].[O--].[Mg++].[Mg++].[Mg++].[Si+4].[Si+4].[Si+4].[Si+4].[O-][H].[O-][H],H2Mg3O12Si4,379.259,377.8174567,379.263,0,0,0
DB11205,Alcloxa,[OH-].[OH-].[OH-].[OH-].[Al+3].[Al+3].[Cl-].NC(=O)NC1NC(=O)[N-]C1=O,C4H9Al2ClN4O7,314.55,313.9790533,314.553,-2.0783,7,4
DB00263,Sulfisoxazole,CC1=NOC(NS(=O)(=O)C2=CC=C(N)C=C2)=C1C,C11H13N3O3S,267.304,267.067762,267.308,0.7849,6,2
DB01325,Quinethazone,CCC1NC(=O)C2=CC(=C(Cl)C=C2N1)S(N)(=O)=O,C10H12ClN3O3S,289.739,289.0287897,289.742,0.8072,6,3
DB13216,Oxolamine,CCN(CC)CCC1=NC(=NO1)C1=CC=CC=C1,C14H19N3O,245.326,245.1528122,245.325,2.3443,4,0
DB16704,Durlobactam,CC1=C[C@@H]2C[N@]([C@@H]1C(N)=O)C(=O)N2OS(O)(=O)=O,C8H11N3O6S,277.25,277.0368563,277.256,-2.5241,9,2
DB00518,Albendazole,CCCSC1=CC2=C(C=C1)N=C(NC(=O)OC)N2,C12H15N3O2S,265.331,265.0884974,265.336,2.9642,5,2
DB00441,Gemcitabine,NC1=NC(=O)N(C=C1)[C@@H]1O[C@H](CO)[C@@H](O)C1(F)F,C9H11F2N3O4,263.1981,263.0717623,263.199,-2.0433,7,3
DB16022,Thenyldiamine,CN(C)CCN(CC1=CSC=C1)C1=CC=CC=N1,C14H19N3S,261.39,261.1299688,261.392,1.8088,3,0
DB00299,Penciclovir,NC1=NC(=O)C2=C(N1)N(CCC(CO)CO)C=N2,C10H15N5O3,253.2578,253.1174894,253.261,-1.7513,8,4
DB06119,Cenobamate,NC(=O)O[C@@H](CN1N=CN=N1)C1=C(Cl)C=CC=C1,C10H10ClN5O2,267.67,267.0523023,267.675,0.9292,7,1
DB01004,Ganciclovir,NC1=NC2=C(N=CN2COC(CO)CO)C(=O)N1,C9H13N5O4,255.2306,255.0967539,255.233,-1.8969,9,4
DB09216,Tolfenamic acid,CC1=C(Cl)C=CC=C1NC1=CC=CC=C1C(O)=O,C14H12ClNO2,261.704,261.0556563,261.707,3.625,3,2
DB00454,Meperidine,CCOC(=O)C1(CCN(C)CC1)C1=CC=CC=C1,C15H21NO2,247.3327,247.1572289,247.337,2.0717,3,0
DB00784,Mefenamic acid,CC1=C(C)C(NC2=CC=CC=C2C(O)=O)=CC=C1,C15H15NO2,241.2851,241.1102787,241.289,3.3629,3,2
DB06594,Agomelatine,COC1=CC2=C(CCNC(C)=O)C=CC=C2C=C1,C15H17NO2,243.301,243.1259288,243.305,2.6272,3,1
DB00865,Benzphetamine,C[C@@H](CC1=CC=CC=C1)N(C)CC1=CC=CC=C1,C17H21N,239.3553,239.1673997,239.361,3.49,1,0
DB00849,Methylphenobarbital,CCC1(C(=O)NC(=O)N(C)C1=O)C1=CC=CC=C1,C13H14N2O3,246.2619,246.1004423,246.265,0.8838,5,1
DB15694,Cedazuridine,OC[C@H]1O[C@@H](N2CC[C@@H](O)NC2=O)C(F)(F)[C@@H]1O,C9H14F2N2O5,268.217,268.0870779,268.215,-1.0687,7,4
DB13421,Edoxudine,CCC1=CN([C@H]2C[C@H](O)[C@@H](CO)O2)C(=O)NC1=O,C11H16N2O5,256.258,256.1059216,256.257,-0.7965,7,3
DB06742,Ambroxol,NC1=C(Br)C=C(Br)C=C1CN[C@H]1CC[C@H](O)CC1,C13H18Br2N2O,378.108,375.978589,378.107,2.4927,3,3
DB00961,Mepivacaine,CN1CCCCC1C(=O)NC1=C(C)C=CC=C1C,C15H22N2O,246.348,246.1732133,246.353,2.396,3,1
DB08918,Levomilnacipran,CCN(CC)C(=O)[C@]1(C[C@H]1CN)C1=CC=CC=C1,C15H22N2O,246.348,246.1732133,246.353,1.2437,3,1
DB04896,Milnacipran,CCN(CC)C(=O)C1(CC1CN)C1=CC=CC=C1,C15H22N2O,246.354,246.1732133,246.353,1.2437,3,1
DB01171,Moclobemide,[H]C1COCCN1CCNC(=O)C1=CC=C(Cl)C=C1,C13H17ClN2O2,268.739,268.0978555,268.743,1.3732,4,1
DB00960,Pindolol,CC(C)NCC(O)COC1=CC=CC2=C1C=CN2,C14H20N2O2,248.3208,248.1524779,248.325,1.2605,4,3
DB00292,Etomidate,CCOC(=O)C1=CN=CN1[C@H](C)C1=CC=CC=C1,C14H16N2O2,244.289,244.1211778,244.293,2.7715,4,0
DB08329,Sulthiame,NS(=O)(=O)C1=CC=C(C=C1)N1CCCCS1(=O)=O,C10H14N2O4S2,290.359,290.0394983,290.363,-0.4114,6,1
DB09019,Bromhexine,CN(CC1=CC(Br)=CC(Br)=C1N)C1CCCCC1,C14H20Br2N2,376.13,373.9993239,376.135,3.6113,2,1
DB14174,Dipentamethylenethiuram disulfide,S=C(SSC(=S)N1CCCCC1)N1CCCCC1,C12H20N2S4,320.55,320.0509333,320.569,3.9838,2,0
DB06694,Xylometazoline,CC1=CC(=CC(C)=C1CC1=NCCN1)C(C)(C)C,C16H24N2,244.3752,244.1939488,244.381,3.3236,2,1
DB01620,Pheniramine,CN(C)CCC(C1=CC=CC=C1)C1=CC=CC=N1,C16H20N2,240.3434,240.1626487,240.349,2.7477,2,0
DB00152,Thiamine,CC1=C(CCO)SC=[N+]1CC1=CN=C(C)N=C1N,C12H17N4OS,265.355,265.1123069,265.36,-3.472,4,2
DB01581,Sulfamerazine,CC1=NC(NS(=O)(=O)C2=CC=C(N)C=C2)=NC=C1,C11H12N4O2S,264.304,264.0680963,264.308,0.4856,6,2
DB00651,Dyphylline,CN1C2=C(N(CC(O)CO)C=N2)C(=O)N(C)C1=O,C10H14N4O4,254.2426,254.101505,254.245,-1.4165,8,2
DB01600,Tiaprofenic acid,CC(C(O)=O)C1=CC=C(S1)C(=O)C1=CC=CC=C1,C14H12O3S,260.308,260.0507149,260.312,2.6491,3,1
DB00870,Suprofen,CC(C(O)=O)C1=CC=C(C=C1)C(=O)C1=CC=CS1,C14H12O3S,260.308,260.0507149,260.312,2.5669,3,1
DB00861,Diflunisal,OC(=O)C1=C(O)C=CC(=C1)C1=C(F)C=C(F)C=C1,C13H8F2O3,250.1976,250.0441505,250.2,2.6598,3,2
DB09064,Ciprofibrate,CC(C)(OC1=CC=C(C=C1)C1CC1(Cl)Cl)C(O)=O,C13H14Cl2O3,289.15,288.0319997,289.157,3.4194,3,1
DB00573,Fenoprofen,CC(C(O)=O)C1=CC(OC2=CC=CC=C2)=CC=C1,C15H14O3,242.2699,242.0942943,242.273,2.9659,3,1
DB09212,Loxoprofen,CC(C(O)=O)C1=CC=C(CC2CCCC2=O)C=C1,C15H18O3,246.3016,246.1255944,246.305,2.6235,3,1
DB00712,Flurbiprofen,CC(C(O)=O)C1=CC(F)=C(C=C1)C1=CC=CC=C1,C15H13FO2,244.2609,244.0899579,244.264,3.3303,2,1
DB09096,Benzoyl peroxide,O=C(OOC(=O)C1=CC=CC=C1)C1=CC=CC=C1,C14H10O4,242.2268,242.0579088,242.229,3.0506,4,0
DB11221,Dioxybenzone,COC1=CC(O)=C(C=C1)C(=O)C1=CC=CC=C1O,C14H12O4,244.246,244.0735589,244.245,2.0282,4,2
DB00428,Streptozocin,CN(N=O)C(=O)N[C@@H](C=O)[C@@H](O)[C@H](O)[C@H](O)CO,C8H15N3O7,265.222,265.0909998,265.221,-3.3542,10,5
DB09377,Undecoylium chloride iodine complex,[Cl-].CCC(=O)OCCNC(=O)C[N+]1=CC=CC=C1,C12H17ClN2O3,272.73,272.0927701,272.731,-3.9129,4,1
DB00395,Carisoprodol,CCCC(C)(COC(N)=O)COC(=O)NC(C)C,C12H24N2O4,260.33,260.1736073,260.333,2.1124,6,2
DB01245,Decamethonium,C[N+](C)(C)CCCCCCCCCC[N+](C)(C)C,C16H38N2,258.4863,258.3034992,258.492,-2.6762,0,0
DB00369,Cidofovir,NC1=NC(=O)N(C[C@@H](CO)OCP(O)(O)=O)C=C1,C8H14N3O6P,279.187,279.0620217,279.188,-5.6138,9,4
DB06762,Pinacidil,CC(N\C(NC#N)=N\C1=CC=NC=C1)C(C)(C)C,C13H19N5,245.33,245.1640456,245.329,1.4907,5,2
DB16683,Foslevodopa,N[C@@H](CC1=CC=C(OP(O)(O)=O)C(O)=C1)C(O)=O,C9H12NO7P,277.169,277.0351387,277.168,-5.4856,8,5
DB14783,Diroximel fumarate,COC(=O)\C=C\C(=O)OCCN1C(=O)CCC1=O,C11H13NO6,255.226,255.0742871,255.225,-0.7046,7,0
DB01124,Tolbutamide,CCCCNC(=O)NS(=O)(=O)C1=CC=C(C)C=C1,C12H18N2O3S,270.348,270.1038131,270.352,2.2297,5,2
DB00489,Sotalol,CC(C)NCC(O)C1=CC=C(NS(C)(=O)=O)C=C1,C12H20N2O3S,272.364,272.1194632,272.368,0.1903,5,3
DB06218,Lacosamide,COC[C@@H](NC(C)=O)C(=O)NCC1=CC=CC=C1,C13H18N2O3,250.2936,250.1317425,250.297,0.0169,5,2
DB01161,Chloroprocaine,CCN(CC)CCOC(=O)C1=C(Cl)C=C(N)C=C1,C13H19ClN2O2,270.755,270.1135056,270.759,2.0137,4,1
DB00989,Rivastigmine,CCN(C)C(=O)OC1=CC=CC(=C1)[C@H](C)N(C)C,C14H22N2O2,250.3367,250.168128,250.341,1.9577,4,0
DB00211,Midodrine,COC1=CC(C(O)CNC(=O)CN)=C(OC)C=C1,C12H18N2O4,254.2823,254.1266571,254.285,-1.0318,6,3
DB08944,Isoaminile,CC(C)[C@@](C[C@H](C)N(C)C)(C#N)C1=CC=CC=C1,C16H24N2,244.382,244.1939488,244.381,3.267,2,0
DB05245,Silver sulfadiazine,[Ag+].NC1=CC=C(C=C1)S(=O)(=O)[N-]C1=NC=CC=N1,C10H9AgN4O2S,357.137,355.9497143,357.143,0.0877,6,2
DB01241,Gemfibrozil,CC1=CC(OCCCC(C)(C)C(O)=O)=C(C)C=C1,C15H22O3,250.3334,250.1568946,250.337,3.5547,3,1
DB11062,Octisalate,CCCCC(CC)COC(=O)C1=C(O)C=CC=C1,C15H22O3,250.3334,250.1568946,250.337,4.1235,3,1
DB11207,Amiloxate,COC1=CC=C(\C=C\C(=O)OCCC(C)C)C=C1,C15H20O3,248.322,248.1412445,248.321,3.3652,3,0
DB15467,Cinoxate,CCOCCOC(=O)\C=C\C1=CC=C(OC)C=C1,C14H18O4,250.294,250.1205091,250.293,2.1456,4,0
DB00998,Frovatriptan,CN[C@@H]1CCC2=C(C1)C1=C(N2)C=CC(=C1)C(N)=O,C14H17N3O,243.3043,243.1371622,243.309,1.0987,4,3
DB01209,Dezocine,[H][C@@]12CC3=CC=C(O)C=C3[C@@](C)(CCCCC1)[C@H]2N,C16H23NO,245.3599,245.1779644,245.365,3.2359,2,2
DB09071,Tasimelteon,CCC(=O)NC[C@@H]1C[C@H]1C1=CC=CC2=C1CCO2,C15H19NO2,245.322,245.1415789,245.321,2.8036,3,1
DB00564,Carbamazepine,NC(=O)N1C2=CC=CC=C2C=CC2=CC=CC=C12,C15H12N2O,236.2686,236.094963,236.273,3.1187,3,1
DB04864,Huperzine A,[H][C@@]12CC3=C(C=CC(=O)N3)[C@@](N)(CC(C)=C1)\C2=C\C,C15H18N2O,242.3162,242.1419132,242.321,1.2973,3,2
DB04821,Nomifensine,CN1CC(C2=CC=CC=C2)C2=C(C1)C(N)=CC=C2,C16H18N2,238.3275,238.1469986,238.333,1.6448,2,1
DB00724,Imiquimod,CC(C)CN1C=NC2=C1C1=C(C=CC=C1)N=C2N,C14H16N4,240.3036,240.1374965,240.309,2.3108,4,1
DB13063,Parthenolide,C\C1=C/CC[C@@]2(C)O[C@H]2[C@H]2OC(=O)C(=C)[C@@H]2CC1,C15H20O3,248.3175,248.1412445,248.321,2.7525,3,0
DB13136,Fluindione,FC1=CC=C(C=C1)C1C(=O)C2=CC=CC=C2C1=O,C15H9FO2,240.233,240.0586577,240.232,3.218,2,0
DB04816,Dantron,OC1=CC=CC2=C1C(=O)C1=C(C=CC=C1O)C2=O,C14H8O4,240.2109,240.0422587,240.214,2.342,4,2
DB11837,Osilodrostat,FC1=C(C=CC(=C1)C#N)[C@H]1CCC2=CN=CN12,C13H10FN3,227.242,227.0858755,227.241,2.3448,3,0
DB00484,Brimonidine,BrC1=C(NC2=NCCN2)C=CC2=NC=CN=C12,C11H10BrN5,292.135,291.011958,292.139,1.1821,5,2
DB00208,Ticlopidine,ClC1=CC=CC=C1CN1CCC2=C(C1)C=CS2,C14H14ClNS,263.786,263.0535479,263.791,3.269,1,0
DB00885,Pemirolast,CC1=CC=CN2C(=O)C(=CN=C12)C1=NNN=N1,C10H8N6O,228.2101,228.0759589,228.215,-1.4144,7,1
DB14200,Thiohexam,C1CCC(CC1)NSC1=NC2=CC=CC=C2S1,C13H16N2S2,264.41,264.0754909,264.416,3.7836,2,1
DB00900,Didanosine,OC[C@@H]1CC[C@@H](O1)N1C=NC2=C1NC=NC2=O,C10H12N4O3,236.2273,236.0909403,236.23,-0.6773,7,2
DB04571,Trioxsalen,CC1=CC2=CC3=C(OC(=O)C=C3C)C(C)=C2O1,C14H12O3,228.2433,228.0786443,228.246,2.769,3,0
DB11157,Anthralin,OC1=CC=CC2=C1C(=O)C1=C(O)C=CC=C1C2,C14H10O3,226.231,226.0629942,226.23,2.844,3,2
DB07776,Flavone,O=C1C=C(OC2=CC=CC=C12)C1=CC=CC=C1,C15H10O2,222.2387,222.0680796,222.242,3.3728,2,0
DB00498,Phenindione,O=C1C(C(=O)C2=CC=CC=C12)C1=CC=CC=C1,C15H10O2,222.2387,222.0680796,222.242,3.1172,2,0
DB01035,Procainamide,CCN(CC)CCNC(=O)C1=CC=C(N)C=C1,C13H21N3O,235.3253,235.1684623,235.33,0.9335,4,2
DB01131,Proguanil,CC(C)NC(=N)NC(=N)NC1=CC=C(Cl)C=C1,C11H16ClN5,253.731,253.1094232,253.736,1.4516,5,5
DB00884,Risedronic acid,OC(CC1=CN=CC=C1)(P(O)(O)=O)P(O)(O)=O,C7H11NO7P2,283.1123,283.0010747,283.112,-6.6358,8,5
DB00221,Isoetharine,CCC(NC(C)C)C(O)C1=CC(O)=C(O)C=C1,C13H21NO3,239.3107,239.1521435,239.314,1.2639,4,4
DB13139,Levosalbutamol,CC(C)(C)NC[C@H](O)C1=CC(CO)=C(O)C=C1,C13H21NO3,239.3107,239.1521435,239.314,0.5792,4,4
DB01001,Albuterol,CC(C)(C)NCC(O)C1=CC(CO)=C(O)C=C1,C13H21NO3,239.3107,239.1521435,239.314,0.5792,4,4
DB00423,Methocarbamol,COC1=C(OCC(O)COC(N)=O)C=CC=C1,C11H15NO5,241.2405,241.0950226,241.242,0.2939,6,2
DB11768,Zytron,COP(=S)(NC(C)C)OC1=CC=C(Cl)C=C1Cl,C10H14Cl2NO2PS,314.16,312.9859923,314.172,4.6206,3,1
DB09088,Amylocaine,CCC(C)(CN(C)C)OC(=O)C1=CC=CC=C1,C14H21NO2,235.327,235.1572289,235.326,2.4667,3,0
DB00501,Cimetidine,CN\C(NCCSCC1=C(C)NC=N1)=N\C#N,C10H16N6S,252.339,252.1157152,252.345,-0.1748,6,3
DB00672,Chlorpropamide,CCCNC(=O)NS(=O)(=O)C1=CC=C(Cl)C=C1,C10H13ClN2O3S,276.74,276.0335407,276.743,2.0374,5,2
DB00418,Secobarbital,CCCC(C)C1(CC=C)C(=O)NC(=O)NC1=O,C12H18N2O3,238.2829,238.1317425,238.286,1.5657,5,2
DB01291,Pirbuterol,CC(C)(C)NCC(O)C1=NC(CO)=C(O)C=C1,C12H20N2O3,240.2988,240.1473925,240.302,-0.3137,5,4
DB01407,Clenbuterol,CC(C)(C)NCC(O)C1=CC(Cl)=C(N)C(Cl)=C1,C12H18Cl2N2O,277.19,276.0796186,277.194,2.0569,3,3
DB00281,Lidocaine,CCN(CC)CC(=O)NC1=C(C)C=CC=C1C,C14H22N2O,234.3373,234.1732133,234.342,2.1572,3,1
DB01154,Thiamylal,CCCC(C)C1(CC=C)C(=O)NC(=S)NC1=O,C12H18N2O2S,254.349,254.1088985,254.353,1.9262,4,2
DB00721,Procaine,CCN(CC)CCOC(=O)C1=CC=C(N)C=C1,C13H20N2O2,236.3101,236.1524779,236.314,1.4077,4,1
DB00949,Felbamate,NC(=O)OCC(COC(N)=O)C1=CC=CC=C1,C11H14N2O4,238.2399,238.0953569,238.242,0.7174,6,2
DB01133,Tiludronic acid,OP(O)(=O)C(SC1=CC=C(Cl)C=C1)P(O)(O)=O,C7H9ClO6P2S,318.608,317.9283594,318.609,-4.5017,6,4
DB08814,Triflusal,CC(=O)OC1=C(C=CC(=C1)C(F)(F)F)C(O)=O,C10H7F3O4,248.157,248.0296432,248.156,1.9797,4,1
DB14193,Ditiocarb zinc,[Zn++].CCN(CC)C([S-])=S.CCN(CC)C([S-])=S,C10H20N2S4Zn,361.948,359.980078,361.937,1.3871,1,0
DB13800,Calcium levulinate,[Ca++].CC(=O)CCC([O-])=O.CC(=O)CCC([O-])=O,C10H14CaO6,270.294,270.0416291,270.293,0.0111,3,1
DB01015,Sulfamethoxazole,CC1=CC(NS(=O)(=O)C2=CC=C(N)C=C2)=NO1,C10H11N3O3S,253.278,253.0521119,253.281,0.441,6,2
DB00987,Cytarabine,NC1=NC(=O)N(C=C1)[C@@H]1O[C@H](CO)[C@@H](O)[C@@H]1O,C9H13N3O5,243.2166,243.0855205,243.218,-3.0346,8,4
DB13801,Muzolimine,CC(N1N=C(N)CC1=O)C1=CC(Cl)=C(Cl)C=C1,C11H11Cl2N3O,272.13,271.0279174,272.134,1.3507,4,1
DB01424,Aminophenazone,CN(C)C1=C(C)N(C)N(C1=O)C1=CC=CC=C1,C13H17N3O,231.2936,231.1371622,231.298,0.3023,4,0
DB09060,Avibactam,NC(=O)[C@@H]1CC[C@@H]2CN1C(=O)N2OS(O)(=O)=O,C7H11N3O6S,265.24,265.0368563,265.245,-2.6889,9,2
DB00891,Sulfapyridine,NC1=CC=C(C=C1)S(=O)(=O)NC1=CC=CC=N1,C11H11N3O2S,249.289,249.0571973,249.293,0.6319,5,2
DB01247,Isocarboxazid,CC1=CC(=NO1)C(=O)NNCC1=CC=CC=C1,C12H13N3O2,231.2505,231.1007767,231.254,0.3974,5,2
DB00999,Hydrochlorothiazide,NS(=O)(=O)C1=C(Cl)C=C2NCNS(=O)(=O)C2=C1,C7H8ClN3O4S2,297.739,296.9644748,297.743,-0.3795,7,3
DB00880,Chlorothiazide,NS(=O)(=O)C1=C(Cl)C=C2NC=NS(=O)(=O)C2=C1,C7H6ClN3O4S2,295.723,294.9488248,295.727,-0.049,7,2
DB14763,Cycloguanil,CC1(C)N=C(N)N=C(N)N1C1=CC=C(Cl)C=C1,C11H14ClN5,251.715,251.0937732,251.72,1.3024,5,2
DB01178,Chlormezanone,CN1C(C2=CC=C(Cl)C=C2)S(=O)(=O)CCC1=O,C11H12ClNO3S,273.736,273.0226417,273.739,1.1128,4,0
DB09185,Viloxazine,CCOC1=CC=CC=C1OCC1CNCCO1,C13H19NO3,237.299,237.1364935,237.298,1.2602,4,1
DB06807,Phenyl aminosalicylate,NC1=CC(O)=C(C=C1)C(=O)OC1=CC=CC=C1,C13H11NO3,229.235,229.0738932,229.234,2.0671,4,2
DB06701,Dexmethylphenidate,[H][C@@](C(=O)OC)(C1=CC=CC=C1)[C@@]1([H])CCCCN1,C14H19NO2,233.3062,233.1415789,233.31,2.0902,3,1
DB00422,Methylphenidate,COC(=O)C(C1CCCCN1)C1=CC=CC=C1,C14H19NO2,233.3062,233.1415789,233.31,2.0902,3,1
DB13284,Meticrane,CC1=CC2=C(C=C1S(N)(=O)=O)S(=O)(=O)CCC2,C10H13NO4S2,275.34,275.0286003,275.348,0.1232,5,1
DB00779,Nalidixic acid,CCN1C=C(C(O)=O)C(=O)C2=C1N=C(C)C=C2,C12H12N2O3,232.2353,232.0847923,232.238,0.5357,5,1
DB01174,Phenobarbital,CCC1(C(=O)NC(=O)NC1=O)C1=CC=CC=C1,C12H12N2O3,232.2353,232.0847923,232.238,0.6309,5,2
DB00249,Idoxuridine,OC[C@H]1O[C@H](C[C@@H]1O)N1C=C(I)C(=O)NC1=O,C9H11IN2O5,354.0985,353.9712649,354.095,-0.8884,7,3
DB00322,Floxuridine,OC[C@H]1O[C@H](C[C@@H]1O)N1C=C(F)C(=O)NC1=O,C9H11FN2O5,246.1924,246.0651997,246.193,-1.4898,7,3
DB01265,Telbivudine,CC1=CN([C@@H]2C[C@@H](O)[C@H](CO)O2)C(=O)NC1=O,C10H14N2O5,242.2286,242.0902716,242.23,-1.2509,7,3
DB01011,Metyrapone,CC(C)(C(=O)C1=CN=CC=C1)C1=CC=CN=C1,C14H14N2O,226.2738,226.1106131,226.278,1.7933,3,0
DB00250,Dapsone,NC1=CC=C(C=C1)S(=O)(=O)C1=CC=C(N)C=C1,C12H12N2O2S,248.301,248.0619483,248.305,1.0102,4,2
DB04880,Enoximone,CSC1=CC=C(C=C1)C(=O)C1=C(C)NC(=O)N1,C12H12N2O2S,248.301,248.0619483,248.305,1.5599,4,2
DB01065,Melatonin,COC1=CC=C2NC=C(CCNC(C)=O)C2=C1,C13H16N2O2,232.2783,232.1211778,232.282,1.4722,4,2
DB00357,Aminoglutethimide,CCC1(CCC(=O)NC1=O)C1=CC=C(N)C=C1,C13H16N2O2,232.2783,232.1211778,232.282,0.9056,4,2
DB01090,Pentolinium,C[N+]1(CCCCC[N+]2(C)CCCC2)CCCC1,C15H32N2,240.428,240.256549,240.433,-3.692,0,0
DB14195,4-(Isopropylamino)diphenylamine,CC(C)NC1=CC=C(NC2=CC=CC=C2)C=C1,C15H18N2,226.323,226.1469986,226.322,3.6026,2,2
DB00698,Nitrofurantoin,[O-][N+](=O)C1=CC=C(O1)\C=N\N1CC(=O)NC1=O,C8H6N4O5,238.159,238.0338193,238.159,-0.5862,8,1
DB00928,Azacitidine,NC1=NC(=O)N(C=N1)[C@@H]1O[C@H](CO)[C@@H](O)[C@H]1O,C8H12N4O5,244.2047,244.0807695,244.206,-2.8639,9,4
DB00811,Ribavirin,NC(=O)C1=NN(C=N1)[C@@H]1O[C@H](CO)[C@@H](O)[C@H]1O,C8H12N4O5,244.2047,244.0807695,244.206,-2.9504,9,4
DB06201,Rufinamide,NC(=O)C1=CN(CC2=C(F)C=CC=C2F)N=N1,C10H8F2N4O,238.1935,238.0666173,238.197,0.0679,5,1
DB00359,Sulfadiazine,NC1=CC=C(C=C1)S(=O)(=O)NC1=NC=CC=N1,C10H10N4O2S,250.277,250.0524463,250.281,0.0877,6,2
DB00576,Sulfamethizole,CC1=NN=C(NS(=O)(=O)C2=CC=C(N)C=C2)S1,C9H10N4O2S2,270.331,270.024517,270.336,0.4683,6,2
DB12473,Taurolidine,O=S1(=O)CCN(CN2CCS(=O)(=O)NC2)CN1,C7H16N4O4S2,284.35,284.0612974,284.36,-2.921,8,2
DB09282,Molsidomine,CCOC(=O)[N-]C1=C[N+](=NO1)N1CCOCC1,C9H14N4O4,242.235,242.1015049,242.234,-0.3201,7,0
DB00205,Pyrimethamine,CCC1=C(C(N)=NC(N)=N1)C1=CC=C(Cl)C=C1,C12H13ClN4,248.711,248.0828741,248.716,2.5414,4,2
DB09118,Stiripentol,CC(C)(C)C(O)\C=C\C1=CC2=C(OCO2)C=C1,C14H18O3,234.295,234.1255944,234.294,3.5327,3,1
DB00788,Naproxen,COC1=CC2=C(C=C1)C=C(C=C2)[C@H](C)C(O)=O,C14H14O3,230.2592,230.0942943,230.262,2.6947,3,1
DB14176,Benzylparaben,OC1=CC=C(C=C1)C(=O)OCC1=CC=CC=C1,C14H12O3,228.247,228.0786442,228.246,2.645,3,1
DB01322,Kava,COC1=CC(=O)OC(C1)\C=C\C1=CCCC=C1,C14H16O3,232.275,232.1099444,232.278,1.92,3,0
DB01428,Oxybenzone,COC1=CC(O)=C(C=C1)C(=O)C1=CC=CC=C1,C14H12O3,228.2433,228.0786443,228.246,2.3739,3,1
DB08604,Triclosan,OC1=CC(Cl)=CC=C1OC1=C(Cl)C=C(Cl)C=C1,C12H7Cl3O2,289.542,287.9511626,289.545,4.5275,2,1
DB00461,Nabumetone,COC1=CC2=C(C=C1)C=C(CCC(C)=O)C=C2,C15H16O2,228.2863,228.1150298,228.29,3.3993,2,0
DB11239,Aluminum sulfate,[Al+3].[Al+3].[O-]S([O-])(=O)=O.[O-]S([O-])(=O)=O.[O-]S([O-])(=O)=O,Al2O12S3,342.151,341.8182644,342.15,-3.4103,4,2
DB14006,Choline salicylate,C[N+](C)(C)CCO.OC1=CC=CC=C1C([O-])=O,C12H19NO4,241.287,241.1314081,241.286,0.799,3,2
DB06797,Mebutamate,CCC(C)C(C)(COC(N)=O)COC(N)=O,C10H20N2O4,232.2768,232.1423071,232.279,1.2136,6,2
DB00822,Disulfiram,CCN(CC)C(=S)SSC(=S)N(CC)CC,C10H20N2S4,296.539,296.0509314,296.547,3.343,2,0
DB13267,Ritiometan,OC(=O)CSC(SCC(O)=O)SCC(O)=O,C7H10O6S3,286.33,285.9639516,286.348,-0.9434,6,3
DB11678,Treosulfan,CS(=O)(=O)OC[C@H](O)[C@@H](O)COS(C)(=O)=O,C6H14O8S2,278.29,278.0130098,278.301,-2.0602,8,2
DB01273,Varenicline,C1C2CNCC1C1=C2C=C2N=CC=NC2=C1,C13H13N3,211.268,211.1109474,211.267,2.0113,3,1
DB00879,Emtricitabine,[H][C@@]1(CO)O[C@@]([H])(CS1)N1C=C(F)C(=N)N=C1O,C8H10FN3O3S,247.247,247.0426901,247.249,-0.7482,6,3
DB00235,Milrinone,CC1=C(C=C(C#N)C(=O)N1)C1=CC=NC=C1,C12H9N3O,211.2194,211.0745619,211.223,0.2446,4,1
DB06147,Sulfathiazole,NC1=CC=C(C=C1)S(=O)(=O)NC1=NC=CS1,C9H9N3O2S2,255.317,255.0136179,255.321,0.9067,5,2
DB13680,Naftazone,NC(=O)N\N=C1/C=CC2=CC=CC=C2C1=O,C11H9N3O2,215.212,215.0694765,215.211,0.9358,5,2
DB14191,Diphenylguanidine,N=C(NC1=CC=CC=C1)NC1=CC=CC=C1,C13H13N3,211.268,211.1109474,211.267,2.402,3,3
DB00787,Acyclovir,NC1=NC(=O)C2=C(N1)N(COCCO)C=N2,C8H11N5O3,225.2046,225.0861892,225.207,-1.445,8,3
DB09242,Moxonidine,COC1=NC(C)=NC(Cl)=C1NC1=NCCN1,C9H12ClN5O,241.677,241.0730377,241.681,0.6743,6,2
DB00555,Lamotrigine,NC1=NC(N)=C(N=N1)C1=C(Cl)C(Cl)=CC=C1,C9H7Cl2N5,256.091,255.0078507,256.096,1.596,5,2
DB01438,Phenazopyridine,NC1=NC(N)=C(C=C1)\N=N\C1=CC=CC=C1,C11H11N5,213.2385,213.1014454,213.243,2.2091,5,2
DB00660,Metaxalone,CC1=CC(OCC2CNC(=O)O2)=CC(C)=C1,C12H15NO3,221.2524,221.1051934,221.255,1.6252,4,1
DB11823,Esketamine,CN[C@@]1(CCCCC1=O)C1=CC=CC=C1Cl,C13H16ClNO,237.73,237.0920418,237.729,2.6353,2,1
DB01221,Ketamine,CNC1(CCCCC1=O)C1=CC=CC=C1Cl,C13H16ClNO,237.725,237.0920418,237.729,2.6353,2,1
DB04657,Carboxin,CC1=C(SCCO1)C(=O)NC1=CC=CC=C1,C12H13NO2S,235.302,235.0666994,235.306,1.725,3,1
DB13228,Flosequinan,CN1C=C(C(=O)C2=C1C=C(F)C=C2)S(C)=O,C11H10FNO2S,239.26,239.0416279,239.269,-0.256,3,0
DB19376,Salicylanilide,OC1=CC=CC=C1C(=O)NC1=CC=CC=C1,C13H11NO2,213.236,213.0789786,213.235,2.4614,3,2
DB01437,Glutethimide,CCC1(CCC(=O)NC1=O)C1=CC=CC=C1,C13H15NO2,217.2637,217.1102787,217.267,1.5829,3,1
DB00121,Biotin,[H][C@]12CS[C@@H](CCCCC(O)=O)[C@@]1([H])NC(=O)N2,C10H16N2O3S,244.311,244.0881631,244.314,0.605,5,3
DB02959,Oxitriptan,N[C@@H](CC1=CNC2=C1C=C(O)C=C2)C(O)=O,C11H12N2O3,220.2246,220.0847923,220.227,-1.8555,5,4
DB04948,Lofexidine,CC(OC1=C(Cl)C=CC=C1Cl)C1=NCCN1,C11H12Cl2N2O,259.132,258.0326684,259.135,2.202,3,1
DB00744,Zileuton,CC(N(O)C(N)=O)C1=CC2=CC=CC=C2S1,C11H12N2O2S,236.29,236.0619483,236.294,1.227,4,2
DB11327,Dipyrithione,[O-][N+]1=CC=CC=C1SSC1=CC=CC=[N+]1[O-],C10H8N2O2S2,252.31,252.0027199,252.318,1.0244,2,0
DB00532,Mephenytoin,CCC1(NC(=O)N(C)C1=O)C1=CC=CC=C1,C12H14N2O2,218.2518,218.1055277,218.255,1.5004,4,1
DB00794,Primidone,CCC1(C(=O)NCNC1=O)C1=CC=CC=C1,C12H14N2O2,218.2518,218.1055277,218.255,0.75,4,2
DB00649,Stavudine,CC1=CN([C@@H]2O[C@H](CO)C=C2)C(=O)NC1=O,C10H12N2O4,224.2133,224.0797069,224.215,-0.6742,6,2
DB00883,Isosorbide dinitrate,[H][C@]12OC[C@H](O[N+]([O-])=O)[C@@]1([H])OC[C@H]2O[N+]([O-])=O,C6H8N2O8,236.1363,236.0280652,236.136,-2.2228,8,0
DB09343,Tipiracil,ClC1=C(CN2CCCC2=N)NC(=O)NC1=O,C9H11ClN4O2,242.662,242.0570533,242.665,-0.8335,6,3
DB01262,Decitabine,NC1=NC(=O)N(C=N1)[C@H]1C[C@H](O)[C@@H](CO)O1,C8H12N4O4,228.2053,228.0858549,228.207,-2.0118,8,3
DB11071,Phenyl salicylate,OC1=CC=CC=C1C(=O)OC1=CC=CC=C1,C13H10O3,214.2167,214.0629942,214.219,2.7444,3,1
DB14020,Benzoin,OC(C(=O)C1=CC=CC=C1)C1=CC=CC=C1,C14H12O2,212.2439,212.0837296,212.247,1.9026,2,1
DB14120,Phenylethyl resorcinol,CC(C1=CC=CC=C1)C1=CC=C(O)C=C1O,C14H14O2,214.264,214.0993797,214.263,3.2553,2,2
DB00676,Benzyl benzoate,O=C(OCC1=CC=CC=C1)C1=CC=CC=C1,C14H12O2,212.2439,212.0837296,212.247,2.9907,2,0
DB00261,Anagrelide,ClC1=CC=C2N=C3NC(=O)CN3CC2=C1Cl,C10H7Cl2N3O,256.088,254.9966173,256.092,1.3365,4,1
DB01123,Proflavine,NC1=CC2=NC3=C(C=CC(N)=C3)C=C2C=C1,C13H11N3,209.2465,209.0952974,209.251,1.9379,3,2
DB11336,Kinetin,C(NC1=NC=NC2=C1NC=N2)C1=CC=CO1,C10H9N5O,215.2114,215.0807099,215.215,0.5841,6,2
DB00697,Tizanidine,ClC1=C(NC2=NCCN2)C2=NSN=C2C=C1,C9H8ClN5S,253.711,253.0188937,253.717,2.1419,5,2
DB14202,Morpholinylmercaptobenzothiazole,C1CN(CCO1)SC1=NC2=CC=CC=C2S1,C11H12N2OS2,252.35,252.0391054,252.361,2.1453,3,0
DB06711,Naphazoline,C(C1=NCCN1)C1=CC=CC2=CC=CC=C12,C14H14N2,210.2744,210.1156985,210.279,2.2483,2,1
DB00553,Methoxsalen,COC1=C2OC(=O)C=CC2=CC2=C1OC=C2,C12H8O4,216.192,216.0422587,216.192,1.879,4,0
DB14501,Ferrous glycine sulfate,[Fe++].NCC([O-])=O.NCC([O-])=O.OS(O)(=O)=O,C4H10FeN2O8S,302.041,301.9507281,302.04,-3.4103,4,2
DB09154,Sodium citrate,[Na+].[Na+].[Na+].OC(CC([O-])=O)(CC([O-])=O)C([O-])=O,C6H5Na3O7,258.068,257.9728353,258.069,-2.1297,7,4
DB09125,Potassium citrate,[K+].[K+].[K+].OC(CC([O-])=O)(CC([O-])=O)C([O-])=O,C6H5K3O7,306.394,305.894647,306.393,-2.1297,7,4
DB14507,Lithium citrate,[Li+].[Li+].[Li+].OC(CC([O-])=O)(CC([O-])=O)C([O-])=O,C6H5Li3O7,209.92,210.0515378,209.922,-2.1297,7,4
DB01168,Procarbazine,CNNCC1=CC=C(C=C1)C(=O)NC(C)C,C12H19N3O,221.2988,221.1528122,221.303,0.2391,4,3
DB00911,Tinidazole,CCS(=O)(=O)CCN1C(C)=NC=C1[N+]([O-])=O,C8H13N3O4S,247.272,247.0626766,247.274,-0.9547,6,0
DB09366,Propyliodone,CCCOC(=O)CN1C=C(I)C(=O)C(I)=C1,C10H11I2NO3,447.011,446.88283,447.001,1.778,4,0
DB00871,Terbutaline,CC(C)(C)NCC(O)C1=CC(O)=CC(O)=C1,C12H19NO3,225.2842,225.1364935,225.287,0.8308,4,4
DB13346,Bufexamac,CCCCOC1=CC=C(CC(=O)NO)C=C1,C12H17NO3,223.272,223.1208434,223.271,1.8735,4,2
DB13278,Bucetin,CCOC1=CC=C(NC(=O)CC(C)O)C=C1,C12H17NO3,223.272,223.1208434,223.271,1.5866,4,2
DB12911,Nicoboxil,CCCCOCCOC(=O)C1=CN=CC=C1,C12H17NO3,223.272,223.1208434,223.271,1.7943,4,0
DB01156,Bupropion,CC(NC(C)(C)C)C(=O)C1=CC(Cl)=CC=C1,C13H18ClNO,239.741,239.1076919,239.745,2.6693,2,1
DB06204,Tapentadol,CC[C@H]([C@@H](C)CN(C)C)C1=CC(O)=CC=C1,C14H23NO,221.3385,221.1779644,221.343,2.9215,2,1
DB00114,Pyridoxal phosphate,CC1=NC=C(COP(O)(O)=O)C(C=O)=C1O,C8H10NO6P,247.1419,247.0245736,247.142,-3.1969,7,3
DB14656,Chlorphenesin carbamate,NC(=O)OCC(O)COC1=CC=C(Cl)C=C1,C10H12ClNO4,245.66,245.0454856,245.661,0.9699,5,2
DB11102,N-acetyltyrosine,CC(=O)N[C@@H](CC1=CC=C(O)C=C1)C(O)=O,C11H13NO4,223.2252,223.0844579,223.227,0.2401,5,3
DB01191,Dexfenfluramine,CCN[C@@H](C)CC1=CC=CC(=C1)C(F)(F)F,C12H16F3N,231.2573,231.1234841,231.26,3.06,1,1
DB00574,Fenfluramine,CCNC(C)CC1=CC=CC(=C1)C(F)(F)F,C12H16F3N,231.2573,231.1234841,231.26,3.06,1,1
DB00399,Zoledronic acid,OC(CN1C=CN=C1)(P(O)(O)=O)P(O)(O)=O,C5H10N2O7P2,272.0896,271.9963237,272.089,-8.0158,9,5
DB00312,Pentobarbital,CCCC(C)C1(CC)C(=O)NC(=O)NC1=O,C11H18N2O3,226.2722,226.1317425,226.275,1.2968,5,2
DB00306,Talbutal,CCC(C)C1(CC=C)C(=O)NC(=O)NC1=O,C11H16N2O3,224.2563,224.1160924,224.259,1.1113,5,2
DB01351,Amobarbital,CCC1(CCC(C)C)C(=O)NC(=O)NC1=O,C11H18N2O3,226.2722,226.1317425,226.275,1.2968,5,2
DB00241,Butalbital,CC(C)CC1(CC=C)C(=O)NC(=O)NC1=O,C11H16N2O3,224.2563,224.1160924,224.259,1.1113,5,2
DB00750,Prilocaine,CCCNC(C)C(=O)NC1=CC=CC=C1C,C13H20N2O,220.3107,220.1575633,220.315,1.9542,3,2
DB00599,Thiopental,CCCC(C)C1(CC)C(=O)NC(=S)NC1=O,C11H18N2O2S,242.338,242.1088985,242.342,1.6573,4,2
DB00236,Pipobroman,BrCCC(=O)N1CCN(CC1)C(=O)CCBr,C10H16Br2N2O2,356.054,353.9578531,356.057,1.6856,4,0
DB01400,Neostigmine,CN(C)C(=O)OC1=CC(=CC=C1)[N+](C)(C)C,C12H19N2O2,223.2915,223.1446529,223.295,-3.3614,3,0
DB01144,Diclofenamide,NS(=O)(=O)C1=CC(=C(Cl)C(Cl)=C1)S(N)(=O)=O,C6H6Cl2N2O4S2,305.159,303.9146035,305.162,0.3996,6,2
DB13253,Proxibarbal,CC(O)CC1(CC=C)C(=O)NC(=O)NC1=O,C10H14N2O4,226.232,226.0953569,226.231,-0.1288,6,3
DB00190,Carbidopa,C[C@@](CC1=CC(O)=C(O)C=C1)(NN)C(O)=O,C10H14N2O4,226.2292,226.0953569,226.231,-0.8973,6,5
DB00636,Clofibrate,CCOC(=O)C(C)(C)OC1=CC=C(Cl)C=C1,C12H15ClO3,242.699,242.0709721,242.701,2.8997,3,0
DB13153,Levomenol,[H][C@@]1(CCC(C)=CC1)[C@@](C)(O)CCC=C(C)C,C15H26O,222.372,222.1983655,222.37,4.4711,1,1
DB15950,Sodium camphorsulfonate,[Na+].[H][C@]12CC[C@@](CS([O-])(=O)=O)(C(=O)C1)C2(C)C,C10H15NaO4S,254.28,254.0588744,254.281,-0.121,4,1
DB11285,Ethyl ferulate,[H]\C(=C(\[H])C1=CC(OC)=C(O)C=C1)C(=O)OCC,C12H14O4,222.2372,222.0892089,222.239,1.8924,4,1
DB00526,Oxaliplatin,[H][N]1([H])[C@@H]2CCCC[C@H]2[N]([H])([H])[Pt]11OC(=O)C(=O)O1,C8H14N2O4Pt,397.294,397.060149,397.289,-1.1774,6,2
DB06764,Tetryzoline,C1CN=C(N1)C1CCCC2=CC=CC=C12,C13H16N2,200.285,200.1313485,200.284,2.1302,2,1
DB00382,Tacrine,NC1=C2CCCCC2=NC2=CC=CC=C12,C13H14N2,198.2637,198.1156985,198.268,2.5091,2,1
DB00709,Lamivudine,NC1=NC(=O)N(C=C1)[C@@H]1CS[C@H](CO)O1,C8H11N3O3S,229.256,229.0521119,229.259,-0.9483,6,2
DB00943,Zalcitabine,NC1=NC(=O)N(C=C1)[C@H]1CC[C@@H](CO)O1,C9H13N3O3,211.2178,211.0956913,211.22,-1.3304,6,2
DB13211,Guanoxan,NC(=N)NCC1COC2=C(O1)C=CC=C2,C10H13N3O2,207.233,207.1007767,207.232,0.0253,5,3
DB00226,Guanadrel,NC(N)=NCC1COC2(CCCCC2)O1,C10H19N3O2,213.2768,213.1477269,213.28,-0.2338,5,2
DB00350,Minoxidil,NC1=CC(=NC(N)=[N+]1[O-])N1CCCCC1,C9H15N5O,209.2483,209.1276601,209.252,0.1716,5,2
DB09324,Sulbactam,[H][C@@]12CC(=O)N1[C@@]([H])(C(O)=O)C(C)(C)S2(=O)=O,C8H11NO5S,233.242,233.0357932,233.243,-0.1556,6,1
DB12300,P-nitrobiphenyl,O=N(=O)C1=CC=C(C=C1)C1=CC=CC=C1,C12H9NO2,199.209,199.0633285,199.208,2.3972,2,0
DB05246,Methsuximide,CN1C(=O)CC(C)(C1=O)C1=CC=CC=C1,C12H13NO2,203.2371,203.0946287,203.24,1.0394,3,0
DB01188,Ciclopirox,CC1=CC(=O)N(O)C(=C1)C1CCCCC1,C12H17NO2,207.2689,207.1259288,207.272,1.4285,3,1
DB00740,Riluzole,NC1=NC2=C(S1)C=C(OC(F)(F)F)C=C2,C8H5F3N2OS,234.198,234.0074681,234.201,2.8837,3,1
DB01085,Pilocarpine,CC[C@H]1[C@@H](CC2=CN=CN2C)COC1=O,C11H16N2O2,208.2569,208.1211778,208.26,0.7617,4,0
DB00754,Ethotoin,CCN1C(=O)NC(C1=O)C1=CC=CC=C1,C11H12N2O2,204.2252,204.0898776,204.228,1.0597,4,1
DB00150,Tryptophan,N[C@@H](CC1=CNC2=C1C=CC=C2)C(O)=O,C11H12N2O2,204.2252,204.0898776,204.228,-1.5098,4,3
DB00633,Dexmedetomidine,C[C@H](C1=CNC=N1)C1=C(C)C(C)=CC=C1,C13H16N2,200.2795,200.1313485,200.284,2.8487,2,1
DB14198,Quaternium-15,[Cl-].[H]C(Cl)=C([H])C[N+]12CN3CN(CN(C3)C1)C2,C9H16Cl2N4,251.156,250.0752019,251.16,-1.5826,3,0
DB00964,Apraclonidine,NC1=CC(Cl)=C(NC2=NCCN2)C(Cl)=C1,C9H10Cl2N4,245.109,244.0282518,245.112,1.554,4,3
DB00600,Monobenzone,OC1=CC=C(OCC2=CC=CC=C2)C=C1,C13H12O2,200.2332,200.0837296,200.236,2.662,2,1
DB00594,Amiloride,NC(=N)NC(=O)C1=NC(Cl)=C(N)N=C1N,C6H8ClN7O,229.627,229.0478856,229.631,-1.7626,8,5
DB01018,Guanfacine,NC(=N)NC(=O)CC1=C(Cl)C=CC=C1Cl,C9H9Cl2N3O,246.093,245.0122673,246.096,1.3437,4,3
DB01206,Lomustine,ClCCN(N=O)C(=O)NC1CCCCC1,C9H16ClN3O2,233.695,233.0931045,233.698,1.8394,5,1
DB00791,Uracil mustard,ClCCN(CCCl)C1=CNC(=O)NC1=O,C8H11Cl2N3O2,252.098,251.022832,252.1,-0.0496,5,2
DB09220,Nicorandil,[O-][N+](=O)OCCNC(=O)C1=CC=CN=C1,C8H9N3O4,211.177,211.0593058,211.176,-0.7223,6,1
DB00914,Phenformin,NC(=N)NC(=N)NCCC1=CC=CC=C1,C10H15N5,205.2596,205.1327455,205.264,-0.132,5,5
DB00816,Orciprenaline,CC(C)NCC(O)C1=CC(O)=CC(O)=C1,C11H17NO3,211.2576,211.1208434,211.26,0.4502,4,4
DB01064,Isoprenaline,CC(C)NCC(O)C1=CC(O)=C(O)C=C1,C11H17NO3,211.2576,211.1208434,211.26,0.4502,4,4
DB00723,Methoxamine,COC1=CC(C(O)C(C)N)=C(OC)C=C1,C11H17NO3,211.2576,211.1208434,211.26,0.2438,4,2
DB13268,Acetarsol,CC(=O)NC1=CC(=CC=C1O)[As](O)(O)=O,C8H10AsNO5,275.0903,274.9774939,275.091,1.0727,6,4
DB06262,Droxidopa,N[C@@H]([C@H](O)C1=CC(O)=C(O)C=C1)C(O)=O,C9H11NO5,213.189,213.0637225,213.188,-3.3107,6,5
DB00937,Diethylpropion,CCN(CC)C(C)C(=O)C1=CC=CC=C1,C13H19NO,205.2961,205.1466642,205.3,1.9962,2,0
DB00265,Crotamiton,CCN(C(=O)C=CC)C1=CC=CC=C1C,C13H17NO,203.2802,203.1310142,203.284,3.0195,2,0
DB13848,Fluorodopa (18F),N[C@@H](CC1=CC(O)=C(O)C=C1[18F])C(O)=O,C9H10FNO4,214.183,214.0619205,214.182,-2.1398,5,4
DB05057,Erdosteine,OC(=O)CSCC(=O)NC1CCSC1=O,C8H11NO4S2,249.307,249.0129492,249.31,-1.1778,5,2
DB00968,Methyldopa,C[C@](N)(CC1=CC=C(O)C(O)=C1)C(O)=O,C10H13NO4,211.2145,211.0844579,211.216,-1.86,5,4
DB00419,Miglustat,CCCCN1C[C@H](O)[C@@H](O)[C@H](O)[C@H]1CO,C10H21NO4,219.278,219.1470582,219.28,-0.8458,5,4
DB00488,Altretamine,CN(C)C1=NC(=NC(=N1)N(C)C)N(C)C,C9H18N6,210.2794,210.1592946,210.284,0.7704,6,0
DB00237,Butabarbital,CCC(C)C1(CC)C(=O)NC(=O)NC1=O,C10H16N2O3,212.2456,212.1160924,212.248,0.8424,5,2
DB01353,Butobarbital,CCCCC1(CC)C(=O)NC(=O)NC1=O,C10H16N2O3,212.2456,212.1160924,212.248,1.0785,5,2
DB05541,Brivaracetam,CCC[C@H]1CN([C@@H](CC)C(N)=O)C(=O)C1,C11H20N2O2,212.2887,212.1524779,212.292,0.8132,4,1
DB13167,Alclofenac,OC(=O)CC1=CC(Cl)=C(OCC=C)C=C1,C11H11ClO3,226.66,226.0396719,226.658,2.354,3,1
DB11299,Vanillyl butyl ether,CCCCOCC1=CC(OC)=C(O)C=C1,C12H18O3,210.2695,210.1255944,210.272,2.3896,3,1
DB14175,alpha-Amyl cinnamaldehyde,CCCCC\C(C=O)=C\C1=CC=CC=C1,C14H18O,202.2921,202.1357652,202.296,4.0352,1,0
DB09213,Dexibuprofen,CC(C)CC1=CC=C(C=C1)[C@H](C)C(O)=O,C13H18O2,206.2808,206.1306798,206.284,3.0025,2,1
DB01050,Ibuprofen,CC(C)CC1=CC=C(C=C1)C(C)C(O)=O,C13H18O2,206.2808,206.1306798,206.284,3.0025,2,1
DB05389,Tetrachlorodecaoxide,O.O=O.[O-][Cl]=O.[O-][Cl]=O.[O-][Cl]=O.[O-][Cl]=O,Cl4H2O11,319.821,317.8351217,319.817,-1.8166,2,1
DB00727,Nitroglycerin,[O-][N+](=O)OCC(CO[N+]([O-])=O)O[N+]([O-])=O,C3H5N3O9,227.0865,227.0025788,227.085,-2.3418,9,0
DB01057,Echothiophate,CCOP(=O)(OCC)SCC[N+](C)(C)C,C9H23NO3PS,256.323,256.1136258,256.326,-2.3845,3,0
DB09448,Iodohippurate sodium I-123,[Na+].[O-]C(=O)CNC(=O)C1=CC=CC=C1[123I],C9H7INNaO3,323.054,322.9379603,323.054,0.6655,4,2
DB09382,Iodohippurate sodium I-131,[Na+].[O-]C(=O)CNC(=O)C1=C([131I])C=CC=C1,C9H7INNaO3,331.055,330.9384865,331.055,0.6655,4,2
DB06261,Hexaminolevulinate,[H]N([H])CC(=O)CCC(=O)OCCCCCC,C11H21NO3,215.293,215.1521435,215.292,1.3384,4,1
DB01783,Pantothenic acid,CC(C)(CO)[C@@H](O)C(=O)NCCC(O)=O,C9H17NO5,219.235,219.1106727,219.236,-1.0166,6,4
DB00141,N-Acetylglucosamine,[H]C(=O)[C@H](NC(C)=O)[C@@H](O)[C@H](O)[C@H](O)CO,C8H15NO6,221.2078,221.0899372,221.208,-3.3477,7,5
DB00371,Meprobamate,CCCC(C)(COC(N)=O)COC(N)=O,C9H18N2O4,218.2502,218.1266571,218.252,0.9953,6,2
DB09501,Ferric ammonium citrate,N.[Fe+3].OC(=O)CC(O)(CC(O)=O)C(O)=O,C6H11FeNO7,264.997,264.986842,264.998,-2.1297,7,4
DB00730,Thiabendazole,N1C2=CC=CC=C2N=C1C1=CSC=N1,C10H7N3S,201.248,201.0360679,201.253,1.7705,3,1
DB00848,Levamisole,C1CN2C[C@@H](N=C2S1)C1=CC=CC=C1,C11H12N2S,204.291,204.0721191,204.296,1.692,2,0
DB12328,Cantharidin,[H][C@]12CC[C@]([H])(O1)[C@]1(C)C(=O)OC(=O)[C@]21C,C10H12O4,196.202,196.0735589,196.201,-0.1438,4,0
DB01427,Amrinone,NC1=CC(=CNC1=O)C1=CC=NC=C1,C10H9N3O,187.198,187.0745619,187.201,-1.0079,4,2
DB00413,Pramipexole,CCCN[C@H]1CCC2=C(C1)SC(N)=N2,C10H17N3S,211.327,211.1143182,211.332,1.8629,3,2
DB00575,Clonidine,ClC1=CC=CC(Cl)=C1NC1=NCCN1,C9H9Cl2N3,230.094,229.0173527,230.097,2.2313,3,2
DB00766,Clavulanic acid,[H][C@@]12CC(=O)N1[C@@H](C(O)=O)\C(O2)=C\CO,C8H9NO5,199.1608,199.0480724,199.161,-1.3962,6,2
DB13306,Chlorquinaldol,CC1=NC2=C(C=C1)C(Cl)=CC(Cl)=C2O,C10H7Cl2NO,228.07,226.9904692,228.078,3.2398,2,1
DB04951,Pirfenidone,CC1=CN(C(=O)C=C1)C1=CC=CC=C1,C12H11NO,185.2218,185.084064,185.225,1.8237,2,0
DB01579,Phendimetrazine,C[C@H]1[C@@H](OCCN1C)C1=CC=CC=C1,C12H17NO,191.274,191.1310142,191.273,1.6743,2,0
DB00832,Phensuximide,CN1C(=O)CC(C1=O)C1=CC=CC=C1,C11H11NO2,189.2105,189.0789786,189.213,1.2674,3,0
DB00853,Temozolomide,CN1N=NC2=C(N=CN2C1=O)C(N)=O,C6H6N6O2,194.1508,194.0552235,194.154,-0.5014,8,1
DB12945,Dihydralazine,NNC1=C2C=CC=CC2=C(NN)N=N1,C8H10N6,190.21,190.0966943,190.209,1.652,6,4
DB00909,Zonisamide,NS(=O)(=O)CC1=NOC2=CC=CC=C12,C8H8N2O3S,212.226,212.0255628,212.229,0.4386,5,1
DB09256,Tegafur,FC1=CN(C2CCCO2)C(=O)NC1=O,C8H9FN2O3,200.169,200.0597203,200.168,-0.0357,5,1
DB01435,Antipyrine,CN1N(C(=O)C=C1C)C1=CC=CC=C1,C11H12N2O,188.2258,188.094963,188.229,0.5819,3,0
DB01119,Diazoxide,CC1=NS(=O)(=O)C2=C(N1)C=CC(Cl)=C2,C8H7ClN2O2S,230.671,229.9916759,230.675,1.415,4,1
DB11156,Pyrantel,[H]\C(=C(\[H])C1=NCCCN1C)C1=CC=CS1,C11H14N2S,206.31,206.0877696,206.312,1.8465,2,0
DB11932,Abametapir,CC1=CC=C(N=C1)C1=CC=C(C)C=N1,C12H12N2,184.242,184.1000484,184.241,2.1868,2,0
DB14018,Bromotheophylline,CN1C2=C(NC(Br)=N2)C(=O)N(C)C1=O,C7H7BrN4O2,259.063,257.975238,259.063,0.6561,6,1
DB00824,Enprofylline,CCCN1C2=C(NC=N2)C(=O)NC1=O,C8H10N4O2,194.1906,194.0803756,194.193,0.2966,6,2
DB00201,Caffeine,CN1C=NC2=C1C(=O)N(C)C(=O)N2C,C8H10N4O2,194.1906,194.0803756,194.193,-0.1784,6,0
DB13853,Anethole trithione,COC1=CC=C(C=C1)C1=CC(=S)SS1,C10H8OS3,240.35,239.9737284,240.371,3.1712,1,0
DB13909,Bismuth subgallate,O[Bi]1OC2=CC(=CC(O)=C2O1)C(O)=O,C7H5BiO6,394.091,393.98901,394.091,0.3158,6,3
DB08842,Acetylcarnitine,CC(=O)O[C@H](CC([O-])=O)C[N+](C)(C)C,C9H17NO4,203.238,203.115758,203.237,-5.6478,4,0
DB09357,Dexpanthenol,CC(C)(CO)[C@@H](O)C(=O)NCCCO,C9H19NO4,205.2515,205.1314081,205.253,-0.667,5,4
DB11204,Panthenol,CC(C)(CO)C(O)C(=O)NCCCO,C9H19NO4,205.254,205.1314081,205.253,-0.667,5,4
DB00330,Ethambutol,CC[C@@H](CO)NCCN[C@@H](CC)CO,C10H24N2O2,204.3098,204.183778,204.313,-0.3822,4,4
DB00138,Cystine,N[C@@H](CSSC[C@H](N)C(O)=O)C(O)=O,C6H12N2O4S2,240.3,240.0238483,240.303,-5.5478,6,4
DB01008,Busulfan,CS(=O)(=O)OCCCCOS(C)(=O)=O,C6H14O6S2,246.302,246.0231796,246.303,-0.0166,6,0
DB11590,Thimerosal,[Na+].CC[Hg]SC1=CC=CC=C1C([O-])=O,C9H9HgNaO2S,404.81,405.9927205,404.814,2.0955,2,1
DB03017,Lauric acid,CCCCCCCCCCCC(O)=O,C12H24O2,200.3178,200.17763,200.321,4.2449,2,1
DB12821,Perflubutane,FC(F)(F)C(F)(F)C(F)(F)C(F)(F)F,C4F10,238.028,237.9840316,238.024,3.3638,0,0
DB06792,Lanthanum carbonate,[La+3].[La+3].[O-]C([O-])=O.[O-]C([O-])=O.[O-]C([O-])=O,C3La2O9,457.835,457.76695,457.844,-0.5238,3,2
DB00711,Diethylcarbamazine,CCN(CC)C(=O)N1CCN(C)CC1,C10H21N3O,199.2932,199.1684623,199.297,0.8076,4,0
DB19365,Aminometradine,CCN1C(=O)C=C(N)N(CC=C)C1=O,C9H13N3O2,195.222,195.1007767,195.221,0.3384,5,1
DB01197,Captopril,C[C@H](CS)C(=O)N1CCC[C@H]1C(O)=O,C9H15NO3S,217.285,217.077264,217.288,0.366,4,1
DB00765,Metyrosine,C[C@](N)(CC1=CC=C(O)C=C1)C(O)=O,C10H13NO3,195.2151,195.0895433,195.217,-1.5143,4,3
DB00491,Miglitol,OCCN1C[C@H](O)[C@@H](O)[C@H](O)[C@H]1CO,C8H17NO5,207.2243,207.1106727,207.225,-2.6813,6,5
DB11587,Etafedrine,CCN(C)[C@@H](C)[C@H](O)C1=CC=CC=C1,C12H19NO,193.29,193.1466642,193.289,1.4081,2,1
DB11282,Diethyltoluamide,CCN(CC)C(=O)C1=CC(C)=CC=C1,C12H17NO,191.2695,191.1310142,191.273,2.5214,2,0
DB00181,Baclofen,NCC(CC(O)=O)C1=CC=C(Cl)C=C1,C10H12ClNO2,213.661,213.0556563,213.663,-0.4206,3,2
DB11148,Butamben,CCCCOC(=O)C1=CC=C(N)C=C1,C11H15NO2,193.246,193.1102787,193.245,2.2104,3,1
DB01235,Levodopa,N[C@@H](CC1=CC(O)=C(O)C=C1)C(O)=O,C9H11NO4,197.1879,197.0688078,197.189,-2.2406,5,4
DB09480,Iofetamine I-123,CC(C)NC(C)CC1=CC=C([123I])C=C1,C12H18IN,299.189,299.0495225,299.188,3.0081,1,1
DB01037,Selegiline,C[C@H](CC1=CC=CC=C1)N(C)CC#C,C13H17N,187.286,187.1360996,187.285,2.0991,1,0
DB00634,Sulfacetamide,CC(=O)NS(=O)(=O)C1=CC=C(N)C=C1,C8H10N2O3S,214.242,214.0412129,214.244,0.1644,5,2
DB00345,Aminohippuric acid,NC1=CC=C(C=C1)C(=O)NCC(O)=O,C9H10N2O3,194.1873,194.0691422,194.189,-0.4489,5,3
DB01056,Tocainide,CC(N)C(=O)NC1=C(C)C=CC=C1C,C11H16N2O,192.2575,192.1262631,192.261,1.0859,3,2
DB01181,Ifosfamide,ClCCNP1(=O)OCCCN1CCCl,C7H15Cl2N2O2P,261.086,260.0248197,261.088,1.0573,4,1
DB00531,Cyclophosphamide,ClCCN(CCCl)P1(=O)NCCCO1,C7H15Cl2N2O2P,261.086,260.0248197,261.088,0.727,4,1
DB14754,Solriamfetol,N[C@@H](COC(N)=O)CC1=CC=CC=C1,C10H14N2O2,194.234,194.1055277,194.233,0.3893,4,2
DB00703,Methazolamide,CN1N=C(S\C1=N\C(C)=O)S(N)(=O)=O,C5H8N4O3S2,236.26,236.0037825,236.276,0.1901,7,1
DB00336,Nitrofural,NC(=O)N\N=C\C1=CC=C(O1)[N+]([O-])=O,C6H6N4O4,198.1362,198.0389047,198.138,-0.2462,7,2
DB00629,Guanabenz,NC(N)=NN=CC1=C(Cl)C=CC=C1Cl,C8H8Cl2N4,231.082,230.0126017,231.086,3.0853,4,2
DB01170,Guanethidine,NC(N)=NCCN1CCCCCCC1,C10H22N4,198.3085,198.1844467,198.313,0.6142,4,2
DB14084,Butylparaben,CCCCOC(=O)C1=CC=C(O)C=C1,C11H14O3,194.2271,194.0942943,194.229,2.542,3,1
DB00793,Haloprogin,ClC1=CC(Cl)=C(Cl)C=C1OCC#CI,C9H4Cl3IO,361.391,359.8372413,361.389,4.5492,1,0
DB11254,Hexylresorcinol,CCCCCCC1=C(O)C=C(O)C=C1,C12H18O2,194.2701,194.1306798,194.273,3.5453,2,2
DB00874,Guaifenesin,COC1=CC=CC=C1OCC(O)CO,C10H14O4,198.2158,198.0892089,198.217,0.4318,4,2
DB06784,Gallium citrate Ga-67,[67Ga+3].OC(CC([O-])=O)(CC([O-])=O)C([O-])=O,C6H5GaO7,256.0279,255.9317324,256.027,-2.1297,7,4
DB13595,Almasilate,O.[Mg++].[Al+3].[Al+3].[O-][Si]([O-])([O-])[O-].[O-][Si]([O-])([O-])[O-],Al2H2MgO9Si2,280.445,279.8718534,280.448,0,4,4
DB00185,Cevimeline,CC1O[C@@]2(CS1)CN1CCC2CC1,C10H17NOS,199.313,199.1030849,199.317,1.686,2,0
DB01043,Memantine,CC12CC3CC(C)(C1)CC(N)(C3)C2,C12H21N,179.3018,179.1673997,179.306,1.9846,1,1
DB00478,Rimantadine,CC(N)C12CC3CC(CC(C3)C1)C2,C12H21N,179.3018,179.1673997,179.306,1.9091,1,1
DB11738,Rilmenidine,C1CC1C(NC1=NCCO1)C1CC1,C10H16N2O,180.251,180.1262631,180.25,0.8559,3,1
DB09512,Simethicone,O=[Si]=O.CO[Si](C)(C)O[Si](C)(C)C,C6H18O4Si3,238.461,238.0512887,238.463,3.2026,2,0
DB12834,Secnidazole,CC(O)CN1C(C)=NC=C1N(=O)=O,C7H11N3O3,185.183,185.0800412,185.182,-0.6956,5,1
DB00217,Bethanidine,CN\C(NCC1=CC=CC=C1)=N/C,C10H15N3,177.2462,177.1265975,177.25,0.9281,3,2
DB06707,Levonordefrin,C[C@H](N)[C@H](O)C1=CC(O)=C(O)C=C1,C9H13NO3,183.2044,183.0895433,183.206,-0.3076,4,4
DB00668,Epinephrine,CNC[C@H](O)C1=CC(O)=C(O)C=C1,C9H13NO3,183.2044,183.0895433,183.206,-0.3154,4,4
DB00135,Tyrosine,[H][C@](N)(CC1=CC=C(O)C=C1)C(O)=O,C9H11NO3,181.1885,181.0738932,181.19,-1.8949,4,3
DB11278,DL-Methylephedrine,C[C@@H]([C@H](O)C1=CC=CC=C1)N(C)C,C11H17NO,179.263,179.1310142,179.262,1.0018,2,1
DB13624,Methoxyphenamine,CNC(C)CC1=CC=CC=C1OC,C11H17NO,179.2588,179.1310142,179.262,1.7354,2,1
DB00379,Mexiletine,CC(N)COC1=C(C)C=CC=C1C,C11H17NO,179.2588,179.1310142,179.262,1.7185,2,1
DB08985,Etilefrine,CCNCC(O)C1=CC=CC(O)=C1,C10H15NO2,181.2316,181.1102787,181.234,0.4366,3,3
DB11610,Oxilofrine,[H][C@@](C)(NC)[C@]([H])(O)C1=CC=C(O)C=C1,C10H15NO2,181.235,181.1102787,181.234,0.3896,3,3
DB01107,Methyprylon,CCC1(CC)C(=O)NCC(C)C1=O,C10H17NO2,183.2475,183.1259288,183.25,1.2488,3,1
DB01158,Bretylium,CC[N+](C)(C)CC1=CC=CC=C1Br,C11H17BrN,243.163,242.0544372,243.167,-0.5238,0,0
DB00851,Dacarbazine,CN(C)\N=N\C1=C(N=CN1)C(N)=O,C6H10N6O,182.187,182.091609,182.186,-0.0523,7,2
DB00545,Pyridostigmine,CN(C)C(=O)OC1=C[N+](C)=CC=C1,C9H13N2O2,181.2117,181.0977027,181.214,-3.2827,3,0
DB01121,Phenacemide,NC(=O)NC(=O)CC1=CC=CC=C1,C9H10N2O2,178.1879,178.0742276,178.19,0.5307,4,2
DB00819,Acetazolamide,CC(=O)NC1=NN=C(S1)S(N)(=O)=O,C4H6N4O3S2,222.245,221.9881315,222.249,-0.535,7,2
DB00856,Chlorphenesin,OCC(O)COC1=CC=C(Cl)C=C1,C9H11ClO3,202.635,202.0396719,202.636,1.1078,3,2
DB13583,Mephenesin,CC1=CC=CC=C1OCC(O)CO,C10H14O3,182.219,182.0942943,182.218,0.8457,3,2
DB14177,Propylparaben,CCCOC(=O)C1=CC=C(O)C=C1,C10H12O3,180.2005,180.0786443,180.202,2.0876,3,1
DB09121,Aurothioglucose,OC[C@H]1O[C@H](S[Au])[C@H](O)[C@@H](O)[C@@H]1O,C6H11AuO5S,392.18,391.999289,392.184,-1.4251,5,4
DB00818,Propofol,CC(C)C1=CC=CC(C(C)C)=C1O,C12H18O,178.2707,178.1357652,178.274,3.6879,1,1
DB13908,Amylmetacresol,CCCCCC1=CC=C(C)C=C1O,C12H18O,178.275,178.1357652,178.274,3.7805,1,1
DB00945,Acetylsalicylic acid,CC(=O)OC1=CC=CC=C1C(O)=O,C9H8O4,180.1574,180.0422587,180.159,1.1314,4,1
DB11323,Glycol salicylate,OCCOC(=O)C1=CC=CC=C1O,C9H10O4,182.175,182.0579088,182.174,0.7065,4,2
DB05260,Gallium nitrate,[Ga+3].[O-][N+]([O-])=O.[O-][N+]([O-])=O.[O-][N+]([O-])=O,GaN3O9,255.738,254.8890345,255.735,-0.8585,3,0
DB14527,Chromic nitrate,[Cr+3].[O-][N+]([O-])=O.[O-][N+]([O-])=O.[O-][N+]([O-])=O,CrN3O9,238.0108,237.9039655,238.008,-0.8585,3,0
DB14518,Aluminum acetate,[Al+3].CC([O-])=O.CC([O-])=O.CC([O-])=O,C6H9AlO6,204.1136,204.0214515,204.113,-0.2991,2,1
DB04840,Debrisoquine,NC(=N)N1CCC2=CC=CC=C2C1,C10H13N3,175.2303,175.1109474,175.234,0.4135,3,2
DB13222,Tilbroquinol,CC1=C2C=CC=NC2=C(O)C(Br)=C1,C10H8BrNO,238.084,236.978927,238.084,2.699,2,1
DB09115,Diiodohydroxyquinoline,OC1=C2N=CC=CC2=C(I)C=C1I,C9H5I2NO,396.954,396.84605,396.945,2.5041,2,1
DB04815,Clioquinol,OC1=C(I)C=C(Cl)C2=C1N=CC=C2,C9H5ClINO,305.5,304.9104349,305.498,2.673,2,1
DB01243,Chloroxine,OC1=C(Cl)C=C(Cl)C2=C1N=CC=C2,C9H5Cl2NO,214.048,212.9748192,214.051,2.8419,2,1
DB00830,Phenmetrazine,CC1NCCOC1C1=CC=CC=C1,C11H15NO,177.2429,177.1153641,177.246,1.4214,2,1
DB01020,Isosorbide mononitrate,[H][C@]12OC[C@@H](O[N+]([O-])=O)[C@@]1([H])OC[C@@H]2O,C6H9NO6,191.1388,191.042987,191.138,-1.9234,6,1
DB04871,Lorcaserin,C[C@H]1CNCCC2=CC=C(Cl)C=C12,C11H14ClN,195.69,195.0814772,195.692,3.1359,1,1
DB01367,Rasagiline,C#CCN[C@@H]1CCC2=CC=CC=C12,C12H13N,171.2383,171.1047994,171.242,1.7293,1,1
DB12243,Edaravone,CC1=NN(C(=O)C1)C1=CC=CC=C1,C10H10N2O,174.203,174.079313,174.202,1.8166,3,0
DB01230,Pemoline,NC1=NC(=O)C(O1)C1=CC=CC=C1,C9H8N2O2,176.172,176.0585775,176.175,0.0526,4,1
DB00958,Carboplatin,[H][N]([H])([H])[Pt]1(OC(=O)C2(CCC2)C(=O)O1)[N]([H])([H])[H],C6H12N2O4Pt,371.254,371.0444813,371.251,-0.6834,6,2
DB00277,Theophylline,CN1C2=C(NC=N2)C(=O)N(C)C1=O,C7H8N4O2,180.164,180.0647255,180.167,-0.3112,6,1
DB00170,Menadione,CC1=CC(=O)C2=CC=CC=C2C1=O,C11H8O2,172.18,172.0524295,172.183,1.8796,2,0
DB09409,Magnesium acetate tetrahydrate,O.O.O.O.[Mg++].CC([O-])=O.CC([O-])=O,C4H14MgO8,214.453,214.0539091,214.452,-0.2991,2,1
DB13231,Calcium lactate,[Ca++].CC(O)C([O-])=O.CC(O)C([O-])=O,C6H10CaO6,218.218,218.0103289,218.217,-0.8665,3,2
DB09281,Magnesium trisilicate,[Mg++].[Mg++].[O-][Si](=O)O[Si]([O-])([O-])O[Si]([O-])=O,Mg2O8Si3,260.857,259.86018,260.86,0.6634,8,4
DB00325,Nitroprusside,O=N[Fe--](C#N)(C#N)(C#N)(C#N)C#N,C5FeN6O,215.938,215.9483008,215.941,-1.8905,7,0
DB06775,Carglumic acid,NC(=O)N[C@@H](CCC(O)=O)C(O)=O,C6H10N2O5,190.154,190.0589714,190.154,-1.8461,7,4
DB13221,Apronalide,CC(C)C(CC=C)C(=O)NC(N)=O,C9H16N2O2,184.239,184.1211778,184.238,1.1575,4,2
DB11815,Tilarginine,CNC(=N)NCCC[C@H](N)C(O)=O,C7H16N4O2,188.2275,188.1273258,188.23,-3.0862,6,5
DB14505,Sodium borate,[Na+].[Na+].[O-]B1OB2OB([O-])OB(O1)O2,B4Na2O7,201.219,201.9811636,201.217,0,7,2
DB04272,Citric acid,OC(=O)CC(O)(CC(O)=O)C(O)=O,C6H8O7,192.1235,192.0270026,192.123,-2.1297,7,4
DB13163,Terpin hydrate,O.CC(C)(O)[C@H]1CC[C@@](C)(O)CC1,C10H22O3,190.283,190.1568946,190.282,1.5804,2,2
DB14482,Sodium ascorbate,[Na+].[H][C@@]1(OC(=O)C(O)=C1[O-])[C@@H](O)CO,C6H7NaO6,198.106,198.0140322,198.106,-2.4646,6,4
DB11117,Undecylenic acid,OC(=O)CCCCCCCCC=C,C11H20O2,184.2753,184.1463299,184.278,3.605,2,1
DB00548,Azelaic acid,OC(=O)CCCCCCCC(O)=O,C9H16O4,188.2209,188.104859,188.222,1.6054,4,2
DB11348,Calcium Phosphate,[Ca++].[Ca++].[Ca++].[O-]P([O-])([O-])=O.[O-]P([O-])([O-])=O,Ca3O8P2,310.177,309.7946135,310.174,-5.0393,4,3
DB00262,Carmustine,ClCCNC(=O)N(CCCl)N=O,C5H9Cl2N3O2,214.05,213.007182,214.051,0.9193,5,1
DB16956,L-Acetylleucine,CC(C)C[C@H](NC(C)=O)C(O)=O,C8H15NO3,173.212,173.1051933,173.211,0.271,4,2
DB19361,Aurothioglycanide,[Au+].[S-]CC(=O)NC1=CC=CC=C1,C8H8AuNOS,363.18,362.999229,363.194,1.2961,2,1
DB01143,Amifostine,NCCCNCCSP(O)(O)=O,C5H15N2O3PS,214.223,214.0540996,214.225,-6.9869,5,4
DB06243,Eflornithine,NCCCC(N)(C(F)F)C(O)=O,C6H12F2N2O2,182.171,182.086684,182.169,-4.9852,4,3
DB13245,Thiram,CN(C)C(=S)SSC(=S)N(C)C,C6H12N2S4,240.433,239.9883312,240.439,1.7178,2,0
DB09502,Fludeoxyglucose (18F),[H]C(=O)[C@H]([18F])[C@@H](O)[C@H](O)[C@H](O)CO,C6H11FO5,181.15,181.0615861,181.149,-2.657,5,4
DB01236,Sevoflurane,FCOC(C(F)(F)F)C(F)(F)F,C4H3F7O,200.0548,200.0072122,200.053,2.0064,1,0
DB01914,D-glucose,[H][C@@](O)(CO)[C@@]([H])(O)[C@]([H])(O)[C@@]([H])(O)C=O,C6H12O6,180.1559,180.0633881,180.155,-3.3581,6,5
DB11735,Galactose,[H]C(=O)[C@H](O)[C@@H](O)[C@@H](O)[C@H](O)CO,C6H12O6,180.1559,180.0633881,180.155,-3.3581,6,5
DB14187,Hydroxycitronellal,[H]C(=O)CC(C)CCCC(C)(C)O,C10H20O2,172.2646,172.1463299,172.267,2.1417,2,1
DB13262,Aceclidine,CC(=O)OC1CN2CCC1CC2,C9H15NO2,169.224,169.1102787,169.223,0.7622,3,0
DB00657,Mecamylamine,CNC1(C)C2CCC(C2)C1(C)C,C11H21N,167.2911,167.1673997,167.295,1.9558,1,1
DB00184,Nicotine,CN1CCC[C@H]1C1=CN=CC=C1,C10H14N2,162.2316,162.1156985,162.235,1.1707,2,0
DB00797,Tolazoline,C(C1=NCCN1)C1=CC=CC=C1,C10H12N2,160.2157,160.1000484,160.219,1.0539,2,1
DB01275,Hydralazine,NNC1=NN=CC2=CC=CC=C12,C8H8N4,160.1759,160.0748963,160.18,1.3381,4,2
DB01294,Bismuth subsalicylate,O[Bi]1OC(=O)C2=CC=CC=C2O1,C7H5BiO4,362.0926,361.9991669,362.093,0.828,4,1
DB09561,Sodium glycerophosphate,[Na+].[Na+].OCC(O)COP([O-])([O-])=O,C3H7Na2O6P,216.036,215.9775635,216.037,-4.6874,6,4
DB13707,Sodium tartrate,[Na+].[Na+].O[C@H]([C@@H](O)C([O-])=O)C([O-])=O,C4H4Na2O6,194.05,193.9803264,194.05,-2.7102,6,4
DB09276,Sodium aurothiomalate,[Na+].[Na+].[O-]C(=O)CC(S[Au])C([O-])=O,C4H3AuNa2O4S,390.07,389.921312,390.08,-0.7169,4,2
DB09411,Technetium Tc-99m etidronate,[99Tc].CC(O)(P(O)(O)=O)P(O)(O)=O,C2H8O7P2Tc,304.933,304.8807811,304.933,-7.0768,7,5
DB00916,Metronidazole,CC1=NC=C(N1CCO)[N+]([O-])=O,C6H9N3O3,171.154,171.0643912,171.155,-1.0549,5,1
DB06704,Iobenguane,NC(N)=NCC1=CC(I)=CC=C1,C8H10IN3,275.0896,274.9919408,275.088,0.6622,3,2
DB00368,Norepinephrine,NC[C@H](O)C1=CC(O)=C(O)C=C1,C8H11NO3,169.1778,169.0738932,169.179,-0.6669,4,4
DB00165,Pyridoxine,CC1=C(O)C(CO)=C(CO)C=N1,C8H11NO3,169.1778,169.0738932,169.179,-0.4837,4,3
DB01296,Glucosamine,N[C@H]1C(O)O[C@H](CO)[C@@H](O)[C@@H]1O,C6H13NO5,179.1711,179.0793725,179.171,-3.0186,6,5
DB01010,Edrophonium,CC[N+](C)(C)C1=CC(O)=CC=C1,C10H16NO,166.2401,166.1231891,166.243,-3.283,1,1
DB00852,Pseudoephedrine,CN[C@@H](C)[C@@H](O)C1=CC=CC=C1,C10H15NO,165.2322,165.1153641,165.235,0.7353,2,2
DB01364,Ephedrine,CN[C@@H](C)[C@H](O)C1=CC=CC=C1,C10H15NO,165.2322,165.1153641,165.235,0.7353,2,2
DB14752,Racephedrine,CN[C@H](C)[C@@H](O)C1=CC=CC=C1,C10H15NO,165.236,165.1153641,165.235,0.7353,2,2
DB01086,Benzocaine,CCOC(=O)C1=CC=C(N)C=C1,C9H11NO2,165.1891,165.0789786,165.191,1.3016,3,1
DB01031,Ethinamate,NC(=O)OC1(CCCCC1)C#C,C9H13NO2,167.205,167.0946287,167.207,0.9809,3,1
DB00996,Gabapentin,NCC1(CC(O)=O)CCCCC1,C9H17NO2,171.2368,171.1259288,171.239,-1.2204,3,2
DB00610,Metaraminol,C[C@H](N)[C@H](O)C1=CC(O)=CC=C1,C9H13NO2,167.205,167.0946287,167.207,0.0381,3,3
DB00388,Phenylephrine,CNC[C@H](O)C1=CC(O)=CC=C1,C9H13NO2,167.205,167.0946287,167.207,0.0303,3,3
DB00120,Phenylalanine,N[C@@H](CC1=CC=CC=C1)C(O)=O,C9H11NO2,165.1891,165.0789786,165.191,-1.5492,3,2
DB01365,Mephentermine,CNC(C)(C)CC1=CC=CC=C1,C11H17N,163.2594,163.1360995,163.263,2.186,1,1
DB01626,Pargyline,CN(CC#C)CC1=CC=CC=C1,C11H13N,159.2276,159.1047994,159.231,1.3097,1,0
DB06795,Mafenide,NCC1=CC=C(C=C1)S(N)(=O)=O,C7H10N2O2S,186.232,186.0462983,186.234,-0.5715,4,2
DB00389,Carbimazole,CCOC(=O)N1C=CN(C)C1=S,C7H10N2O2S,186.232,186.0462983,186.234,0.7234,4,0
DB01202,Levetiracetam,CC[C@H](N1CCCC1=O)C(N)=O,C8H14N2O2,170.212,170.1055277,170.211,-0.3649,4,1
DB12667,Protionamide,CCCC1=CC(=CC=N1)C(N)=S,C9H12N2S,180.27,180.0721196,180.274,1.7118,2,1
DB13628,Ethyl hydroxybenzoate,CCOC(=O)C1=CC=C(O)C=C1,C9H10O3,166.1739,166.0629942,166.175,1.6332,3,1
DB15576,Ethyl salicylate,CCOC(=O)C1=CC=CC=C1O,C9H10O3,166.1739,166.0629942,166.175,1.6332,3,1
DB19375,Chlorothymol,CC(C)C1=CC(Cl)=C(C)C=C1O,C10H13ClO,184.66,184.0654927,184.665,3.4508,1,1
DB04173,Fructose,OC[C@@H]1O[C@@](O)(CO)[C@H](O)[C@H]1O,C6H12O6,180.1559,180.0633881,180.155,-2.7731,6,5
DB04564,Gluconolactone,OC[C@H]1OC(=O)[C@H](O)[C@@H](O)[C@@H]1O,C6H10O6,178.14,178.0477381,178.139,-2.8365,6,4
DB00126,Ascorbic acid,[H][C@@]1(OC(=O)C(O)=C1O)[C@@H](O)CO,C6H8O6,176.1241,176.032088,176.124,-2.4646,6,4
DB00166,Lipoic acid,OC(=O)CCCC[C@@H]1CCSS1,C8H14O2S2,206.326,206.0435211,206.329,2.6294,2,1
DB09086,Eugenol,COC1=C(O)C=CC(CC=C)=C1,C10H12O2,164.2011,164.0837296,164.203,2.2723,2,1
DB14188,Isoeugenol,COC1=CC(C=CC)=CC=C1O,C10H12O2,164.204,164.0837296,164.203,2.3345,2,1
DB06819,Phenylbutyric acid,OC(=O)CCCC1=CC=CC=C1,C10H12O2,164.2011,164.0837296,164.203,2.0516,2,1
DB00431,Lindane,Cl[C@H]1[C@H](Cl)[C@@H](Cl)[C@@H](Cl)[C@H](Cl)[C@H]1Cl,C6H6Cl6,290.83,287.8600664,290.832,3.762,0,0
DB09138,Technetium Tc-99m medronate,O.O.[98Tc+4].[O-]P([O-])(=O)CP([O-])([O-])=O,CH6O8P2Tc,305.906,305.8610068,305.906,-6.6711,6,4
DB09087,Potassium alum,[Al+3].[K+].[O-]S([O-])(=O)=O.[O-]S([O-])(=O)=O,AlKO8S2,258.205,257.8487037,258.204,-3.4103,4,2
DB12466,Favipiravir,NC(=O)C1=NC(F)=CN=C1O,C5H4FN3O2,157.104,157.0287545,157.104,-0.743,5,2
DB03209,Oteracil,OC(=O)C1=NC(=O)NC(=O)N1,C4H3N3O4,157.0843,157.0123556,157.085,-1.9188,7,3
DB00617,Paramethadione,CCC1(C)OC(=O)N(C)C1=O,C7H11NO3,157.1671,157.0738932,157.168,0.3578,4,0
DB00233,Aminosalicylic acid,NC1=CC(O)=C(C=C1)C(O)=O,C7H7NO3,153.1354,153.0425931,153.137,0.1217,4,3
DB00244,Mesalazine,NC1=CC(C(O)=O)=C(O)C=C1,C7H7NO3,153.1354,153.0425931,153.137,0.1217,4,3
DB09352,Hydroxyamphetamine,CC(N)CC1=CC=C(O)C=C1,C9H13NO,151.2056,151.099714,151.208,1.1082,2,2
DB00397,Phenylpropanolamine,CC(N)C(O)C1=CC=CC=C1,C9H13NO,151.209,151.099714,151.208,0.3838,2,2
DB00302,Tranexamic acid,NC[C@H]1CC[C@@H](CC1)C(O)=O,C8H15NO2,157.2102,157.1102787,157.212,-1.737,3,2
DB00988,Dopamine,NCCC1=CC(O)=C(O)C=C1,C8H11NO2,153.1784,153.0789786,153.18,0.4032,3,3
DB00316,Acetaminophen,CC(=O)NC1=CC=C(O)C=C1,C8H9NO2,151.1626,151.0633285,151.164,1.0176,3,2
DB05018,Migalastat,OC[C@H]1NC[C@H](O)[C@@H](O)[C@H]1O,C6H13NO4,163.1717,163.0844579,163.172,-2.4138,5,5
DB00191,Phentermine,CC(C)(N)CC1=CC=CC=C1,C10H15N,149.2328,149.1204495,149.236,1.8345,1,1
DB06714,Propylhexedrine,CNC(C)CC1CCCCC1,C10H21N,155.2804,155.1673997,155.284,2.162,1,1
DB01577,Metamfetamine,CN[C@@H](C)CC1=CC=CC=C1,C10H15N,149.2328,149.1204495,149.236,1.8054,1,1
DB09571,Levmetamfetamine,CN[C@H](C)CC1=CC=CC=C1,C10H15N,149.237,149.1204495,149.236,1.8054,1,1
DB09055,Acipimox,CC1=[N+]([O-])C=C(N=C1)C(O)=O,C6H6N2O3,154.125,154.0378421,154.125,-1.0511,4,1
DB00550,Propylthiouracil,CCCC1=CC(=O)NC(=S)N1,C7H10N2OS,170.232,170.0513836,170.235,0.8972,3,2
DB00259,Sulfanilamide,NC1=CC=C(C=C1)S(N)(=O)=O,C6H8N2O2S,172.205,172.0306482,172.208,-0.2537,4,2
DB00609,Ethionamide,CCC1=NC=CC(=C1)C(N)=S,C8H10N2S,166.243,166.056469,166.247,1.2574,2,1
DB11100,Allantoin,NC(=O)NC1NC(=O)NC1=O,C4H6N4O3,158.1154,158.0439901,158.117,-2.0783,7,4
DB09543,Methyl salicylate,COC(=O)C1=CC=CC=C1O,C8H8O3,152.1473,152.0473441,152.149,1.2269,3,1
DB15480,Resorcinol monoacetate,CC(=O)OC1=CC(O)=CC=C1,C8H8O3,152.149,152.0473441,152.149,1.3006,3,1
DB14212,Methylparaben,COC(=O)C1=CC=C(O)C=C1,C8H8O3,152.1473,152.0473441,152.149,1.2269,3,1
DB13218,Mandelic acid,OC(C(O)=O)C1=CC=CC=C1,C8H8O3,152.149,152.0473441,152.149,0.0727,3,2
DB15916,Anethole,COC1=CC=C(\C=C\C)C=C1,C10H12O,148.205,148.088815,148.204,2.6802,1,0
DB00825,Levomenthol,CC(C)[C@@H]1CC[C@@H](C)C[C@H]1O,C10H20O,156.269,156.1514153,156.268,2.4112,1,1
DB14123,Menthol,CC(C)C1CCC(C)CC1O,C10H20O,156.269,156.1514153,156.268,2.4112,1,1
DB02513,Thymol,CC(C)C1=C(O)C=C(C)C=C1,C10H14O,150.221,150.1044651,150.22,2.8448,1,1
DB04572,Thiotepa,S=P(N1CC1)(N1CC1)N1CC1,C6H12N3PS,189.218,189.0489546,189.222,0.9707,3,0
DB00915,Amantadine,NC12CC3CC(CC(C3)C1)C2,C10H17N,151.2487,151.1360995,151.252,1.3216,1,1
DB09406,Chlormerodrin Hg-197,[Cl-].COC(C[197Hg+])CNC(N)=O,C5H11ClHgN2O2,363.57,363.0181006,363.575,-0.73,4,2
DB09139,Technetium Tc-99m oxidronate,[99Tc].OC(P(O)(O)=O)P(O)(O)=O,CH6O7P2Tc,290.906,290.8651311,290.906,-7.1047,7,5
DB11264,Calcium glycerophosphate,[Ca++].OCC(CO)OP([O-])([O-])=O,C3H7CaO6P,210.135,209.9606158,210.135,-4.6874,6,4
DB09436,Technetium Tc-99m succimer,[99Tc].OC(=O)[C@@H](S)[C@@H](S)C(O)=O,C4H6O4S2Tc,281.11,280.8770056,281.126,-0.897,4,2
DB00583,Levocarnitine,C[N+](C)(C)C[C@H](O)CC([O-])=O,C7H15NO3,161.1989,161.1051934,161.2,-6.1324,3,1
DB06709,Methacholine,CC(C[N+](C)(C)C)OC(C)=O,C8H18NO2,160.234,160.1337538,160.236,-2.7499,2,0
DB00230,Pregabalin,CC(C)C[C@H](CN)CC(O)=O,C8H17NO2,159.2261,159.1259288,159.228,-1.0962,3,2
DB04339,Carbocisteine,N[C@@H](CSCC(O)=O)C(O)=O,C5H9NO4S,179.194,179.0252285,179.195,-3.6212,5,3
DB00659,Acamprosate,CC(=O)NCCCS(O)(=O)=O,C5H11NO4S,181.21,181.0408785,181.211,-1.785,5,2
DB00534,Chlormerodrin,COC(CNC(N)=O)C[Hg]Cl,C5H11ClHgN2O2,367.2,368.0215309,367.197,-0.73,4,2
DB01019,Bethanechol,CC(C[N+](C)(C)C)OC(N)=O,C7H17N2O2,161.2221,161.1290028,161.224,-3.3724,3,1
DB14178,Tetramethylthiuram monosulfide,CN(C)C(=S)SC(=S)N(C)C,C6H12N2S3,208.36,208.0162619,208.373,0.9524,2,0
DB01077,Etidronic acid,CC(O)(P(O)(O)=O)P(O)(O)=O,C2H8O7P2,206.027,205.9745266,206.027,-7.0768,7,5
DB00677,Isoflurophate,CC(C)OP(F)(=O)OC(C)C,C6H14FO3P,184.1457,184.066459,184.146,1.6783,3,0
DB14183,Geraniol,CC(C)=CCC\C(C)=C\CO,C10H18O,154.253,154.1357652,154.252,3.4853,1,1
DB00720,Clodronic acid,OP(O)(=O)C(Cl)(Cl)P(O)(O)=O,CH4Cl2O6P2,244.892,243.8860163,244.891,-5.7501,6,4
DB00556,Perflutren,FC(F)(F)C(F)(F)C(F)(F)F,C3F8,188.0193,187.9872256,188.017,2.6548,0,0
DB00352,Tioguanine,NC1=NC(=S)C2=C(N1)N=CN2,C5H5N5S,167.192,167.0265659,167.196,-1.0838,5,3
DB11145,Oxyquinoline,OC1=CC=CC2=C1N=CC=C2,C9H7NO,145.158,145.0527639,145.161,1.6299,2,1
DB00356,Chlorzoxazone,ClC1=CC2=C(OC(=O)N2)C=C1,C7H4ClNO2,169.565,168.9930561,169.567,1.7076,3,1
DB12537,"1,2-Benzodiazepine",N1N=CC=CC2=CC=CC=C12,C9H8N2,144.177,144.0687483,144.177,2.4372,2,1
DB01744,Camphor,[H][C@@]12CC[C@@](C)(C(=O)C1)C2(C)C,C10H16O,152.2334,152.1201151,152.236,2.1793,1,0
DB14156,Synthetic camphor,CC1(C)C2CCC1(C)C(=O)C2,C10H16O,152.2334,152.1201151,152.236,2.1793,1,0
DB09041,Tavaborole,OB1OCC2=CC(F)=CC=C12,C7H6BFO2,151.93,152.044488,151.932,0.7234,2,1
DB11210,Ferrous bisglycinate,[Fe++].NCC([O-])=O.NCC([O-])=O,C4H8FeN2O4,203.963,203.983343,203.963,-3.3504,3,2
DB11189,Magnesium glycinate,[Mg++].NCC([O-])=O.NCC([O-])=O,C4H8MgN2O4,172.423,172.0334485,172.423,-3.3504,3,2
DB00173,Adenine,NC1=C2NC=NC2=NC=N1,C5H5N5,135.1267,135.0544952,135.13,-0.347,5,2
DB11496,2-mercaptobenzothiazole,S=C1NC2=C(S1)C=CC=C2,C7H5NS2,167.251,166.9863405,167.256,0.3194,1,1
DB00752,Tranylcypromine,NC1CC1C1=CC=CC=C1,C9H11N,133.194,133.0891494,133.193,1.5205,1,1
DB00437,Allopurinol,OC1=NC=NC2=C1C=NN2,C5H4N4O,136.1115,136.0385108,136.114,-0.4045,5,2
DB01033,Mercaptopurine,S=C1N=CNC2=C1NC=N2,C5H4N4S,152.177,152.0156668,152.181,-0.6589,4,2
DB09401,Isosorbide,[H][C@]1(O)CO[C@]2([H])[C@]([H])(O)CO[C@]12[H],C6H10O4,146.1412,146.0579088,146.141,-1.624,4,2
DB06151,Acetylcysteine,CC(=O)N[C@@H](CS)C(O)=O,C5H9NO3S,163.195,163.0303138,163.196,-0.9233,4,2
DB06823,Tiopronin,CC(S)C(=O)NCC(O)=O,C5H9NO3S,163.19,163.0303143,163.196,-0.8762,4,2
DB13747,Trolamine,OCCN(CCO)CCO,C6H15NO3,149.1882,149.1051934,149.189,-1.6968,4,3
DB00992,Methyl aminolevulinate,COC(=O)CCC(=O)CN,C6H11NO3,145.1564,145.0738932,145.157,-0.8855,4,1
DB03128,Acetylcholine,CC(=O)OCC[N+](C)(C)C,C7H16NO2,146.2074,146.1181038,146.209,-3.1092,2,0
DB00142,Glutamic acid,N[C@@H](CCC(O)=O)C(O)=O,C5H9NO4,147.1293,147.0531578,147.129,-3.3586,5,3
DB06706,Isometheptene,CNC(C)CCC=C(C)C,C9H19N,141.2539,141.1517496,141.257,2.5353,1,1
DB00130,L-Glutamine,N[C@@H](CCC(N)=O)C(O)=O,C5H10N2O3,146.1445,146.0691422,146.145,-3.7564,5,3
DB00411,Carbamoylcholine,C[N+](C)(C)CCOC(N)=O,C6H15N2O2,147.1955,147.1133527,147.197,-3.7317,3,1
DB00123,Lysine,NCCCC[C@H](N)C(O)=O,C6H14N2O2,146.1876,146.1055277,146.189,-4.6792,4,3
DB14199,Bromothalonil,BrCC(Br)(CCC#N)C#N,C6H6Br2N2,265.936,263.889774,265.936,1.8899,2,0
DB06824,Triethylenetetramine,NCCNCCNCCN,C6H18N4,146.2339,146.1531466,146.237,-2.8052,4,4
DB14159,Oxidronic acid,OC(P(O)(O)=O)P(O)(O)=O,CH6O7P2,192,191.9588765,192,-7.1047,7,5
DB15679,Aluminum subacetate,CC(=O)O[Al](O)OC(C)=O,C4H7AlO5,162.0769,162.0108868,162.077,-0.4484,5,1
DB09419,Xylose,OC[C@@H](O)[C@H](O)[C@@H](O)C=O,C5H10O5,150.1299,150.0528234,150.129,-2.7907,5,4
DB01189,Desflurane,FC(F)OC(F)C(F)(F)F,C3H2F6O,168.0378,168.0009839,168.036,1.1955,1,0
DB00228,Enflurane,FC(F)OC(F)(F)C(F)Cl,C3H2ClF5O,184.492,183.9714334,184.491,1.4972,1,0
DB00753,Isoflurane,FC(F)OC(Cl)C(F)(F)F,C3H2ClF5O,184.492,183.9714334,184.491,1.4972,1,0
DB00313,Valproic acid,CCCC(CCC)C(O)=O,C8H16O2,144.2114,144.1150298,144.213,2.1912,2,1
DB00566,Succimer,OC(=O)[C@@H](S)[C@@H](S)C(O)=O,C4H6O4S2,182.21,181.970751,182.22,-0.897,4,2
DB14089,Dimercaptosuccinic acid,OC(=O)C(S)C(S)C(O)=O,C4H6O4S2,182.218,181.9707501,182.22,-0.897,4,2
DB06753,Triclofos,OP(O)(=O)OCC(Cl)(Cl)Cl,C2H4Cl3O4P,229.37,227.8912787,229.383,-1.7488,4,2
DB08908,Dimethyl fumarate,[H]\C(=C(\[H])C(=O)OC)C(=O)OC,C6H8O4,144.1253,144.0422587,144.126,-0.063,4,0
DB00951,Isoniazid,NNC(=O)C1=CC=NC=C1,C6H7N3O,137.1393,137.0589119,137.142,-1.0181,4,2
DB00347,Trimethadione,CN1C(=O)OC(C)(C)C1=O,C6H9NO3,143.1406,143.0582432,143.141,-0.0966,4,0
DB13882,Methyl nicotinate,COC(=O)C1=CN=CC=C1,C7H7NO2,137.136,137.0476785,137.138,0.5717,3,0
DB08826,Deferiprone,CN1C=CC(=O)C(O)=C1C,C7H9NO2,139.1519,139.0633285,139.153,-0.0767,3,1
DB02362,Aminobenzoic acid,NC1=CC=C(C=C1)C(O)=O,C7H7NO2,137.136,137.0476785,137.138,0.4674,3,2
DB08797,Salicylamide,NC(=O)C1=CC=CC=C1O,C7H7NO2,137.136,137.0476785,137.138,0.4012,3,2
DB00593,Ethosuximide,CCC1(C)CC(=O)NC1=O,C7H11NO2,141.1677,141.0789786,141.169,0.3253,3,1
DB01576,Dextroamphetamine,C[C@H](N)CC1=CC=CC=C1,C9H13N,135.2062,135.1047994,135.209,1.4539,1,1
DB00182,Amphetamine,CC(N)CC1=CC=CC=C1,C9H13N,135.2062,135.1047994,135.209,1.4539,1,1
DB00733,Pralidoxime,C[N+]1=C(\C=N\O)C=CC=C1,C7H9N2O,137.1592,137.0714879,137.161,-2.6562,2,1
DB09210,Piracetam,NC(=O)CN1CCCC1=O,C6H10N2O2,142.1558,142.0742276,142.157,-1.1786,4,1
DB00780,Phenelzine,NNCCC1=CC=CC=C1,C8H12N2,136.1943,136.1000484,136.197,0.3305,2,2
DB06698,Betahistine,CNCCC1=CC=CC=N1,C8H12N2,136.1943,136.1000484,136.197,0.4992,2,1
DB00936,Salicylic acid,OC(=O)C1=CC=CC=C1O,C7H6O3,138.122,138.0316941,138.122,0.799,3,2
DB11121,Chloroxylenol,CC1=CC(O)=CC(C)=C1Cl,C8H9ClO,156.61,156.0341926,156.611,2.6077,1,1
DB13269,Dichlorobenzyl alcohol,OCC1=C(Cl)C=C(Cl)C=C1,C7H6Cl2O,177.02,175.9795702,177.03,2.2743,1,1
DB14186,Cinnamyl alcohol,OC\C=C\C1=CC=CC=C1,C9H10O,134.1751,134.0731649,134.177,1.8235,1,1
DB14184,Cinnamaldehyde,O=C\C=C\C1=CC=CC=C1,C9H8O,132.1592,132.0575149,132.162,1.6112,1,0
DB09269,Phenylacetic acid,OC(=O)CC1=CC=CC=C1,C8H8O2,136.1479,136.0524295,136.15,1.1428,2,1
DB11304,Phenoxyethanol,OCCOC1=CC=CC=C1,C8H10O2,138.166,138.0680796,138.165,1.0692,2,1
DB06799,Methenamine,C1N2CN3CN1CN(C2)C3,C6H12N4,140.1863,140.1061964,140.189,0.7196,4,0
DB11200,Aluminum zirconium octachlorohydrex gly,O.O.[Al+3].[Cl-].[Zr+4].NCC([O-])=O,C2H8AlClNO4Zr,263.74,261.89768,263.748,-3.3504,3,2
DB09165,Technetium Tc-99m pyrophosphate,[99Tc+4].[O-]P([O-])(=O)OP([O-])([O-])=O,O7P2Tc,272.847,272.8181809,272.847,-7.497,7,4
DB15555,Magnesium malate,[Mg++].OC(CC([O-])=O)C([O-])=O,C4H4MgO5,156.376,155.9909149,156.376,-1.6884,5,3
DB14489,Ferrous succinate,[Fe++].[O-]C(=O)CCC([O-])=O,C4H4FeO4,171.917,171.945895,171.917,-0.6666,4,2
DB14491,Ferrous fumarate,[Fe++].[H]\C(=C(\[H])C([O-])=O)C([O-])=O,C4H2FeO4,169.901,169.9302507,169.901,-0.9188,4,2
DB01099,Flucytosine,NC1=NC(=O)NC=C1F,C4H4FN3O,129.0925,129.03384,129.094,-1.3313,4,2
DB00339,Pyrazinamide,NC(=O)C1=NC=CN=C1,C5H5N3O,123.1127,123.0432618,123.115,-1.2009,4,1
DB03088,Pidolic acid,OC(=O)[C@@H]1CCC(=O)N1,C5H7NO3,129.114,129.0425931,129.115,-1.1153,4,2
DB13146,Fluciclovine (18F),N[C@]1(C[C@H]([18F])C1)C(O)=O,C5H8FNO2,132.125,132.0564412,132.124,-2.738,3,2
DB09257,Gimeracil,OC1=CC(=O)NC=C1Cl,C5H4ClNO2,145.54,144.9930561,145.545,-0.4451,3,2
DB00627,Niacin,OC(=O)C1=CN=CC=C1,C6H5NO2,123.1094,123.0320284,123.111,0.1438,3,1
DB02701,Nicotinamide,NC(=O)C1=CN=CC=C1,C6H6N2O,122.1246,122.0480128,122.127,-0.254,3,1
DB00544,Fluorouracil,FC1=CNC(=O)NC1=O,C4H3FN2O2,130.0772,130.0178556,130.078,-0.8399,4,2
DB18756,Diaminopyrimidine oxide,NC1=CC=NC(N)=[N+]1[O-],C4H6N4O,126.119,126.0541608,126.119,-1.0128,4,2
DB09117,Paraldehyde,CC1OC(C)OC(C)O1,C6H12O3,132.1577,132.0786443,132.158,1.0389,3,0
DB11359,Guaiacol,COC1=C(O)C=CC=C1,C7H8O2,124.139,124.0524295,124.139,1.2439,2,1
DB03793,Benzoic acid,OC(=O)C1=CC=CC=C1,C7H6O2,122.123,122.0367794,122.123,1.1447,2,1
DB09516,Mequinol,COC1=CC=C(O)C=C1,C7H8O2,124.1372,124.0524295,124.139,1.2439,2,1
DB14487,Zinc acetate,[Zn++].CC([O-])=O.CC([O-])=O,C4H6O4Zn,183.497,181.9557553,183.478,-0.2991,2,1
DB13996,Magnesium acetate,[Mg++].CC([O-])=O.CC([O-])=O,C4H6MgO4,142.393,142.0116504,142.393,-0.2991,2,1
DB00258,Calcium acetate,[Ca++].CC([O-])=O.CC([O-])=O,C4H6CaO4,158.166,157.9891998,158.166,-0.2991,2,1
DB00148,Creatine,CN(CC(O)=O)C(N)=N,C4H9N3O2,131.1332,131.0694765,131.134,-1.388,5,3
DB00331,Metformin,CN(C)C(=N)NC(N)=N,C4H11N5,129.1636,129.1014454,129.166,-1.7137,5,4
DB00855,Aminolevulinic acid,NCC(=O)CCC(O)=O,C5H9NO3,131.1299,131.0582432,131.13,-3.0402,4,2
DB00658,Sevelamer,NCC=C.ClCC1CO1,C6H12ClNO,149.619,149.0607417,149.62,0.416,1,0
DB09400,Selenomethionine Se-75,C[75Se]CC[C@H](N)C(O)=O,C5H11NO2Se,192.071,192.0015022,192.07,-2.693,3,2
DB11142,Selenomethionine,C[Se]CC[C@H](N)C(O)=O,C5H11NO2Se,196.11,196.9955004,196.107,-2.693,3,2
DB00859,Penicillamine,[H][C@](N)(C(O)=O)C(C)(C)S,C5H11NO2S,149.211,149.0510493,149.213,-2.2662,3,2
DB00134,Methionine,CSCC[C@H](N)C(O)=O,C5H11NO2S,149.211,149.0510493,149.213,-2.3875,3,2
DB02893,D-Methionine,CSCC[C@@H](N)C(O)=O,C5H11NO2S,149.211,149.0510493,149.213,-2.3875,3,2
DB13972,Racemethionine,CSCCC(N)C(O)=O,C5H11NO2S,149.211,149.0510493,149.213,-2.3875,3,2
DB01080,Vigabatrin,NC(CCC(O)=O)C=C,C6H11NO2,129.157,129.0789786,129.158,-1.8134,3,2
DB00513,Aminocaproic acid,NCCCCCC(O)=O,C6H13NO2,131.1729,131.0946287,131.174,-1.5328,3,2
DB13960,Bronopol,OCC(Br)(CO)[N+]([O-])=O,C3H6BrNO4,199.988,198.9480203,199.988,-1.009,4,2
DB00128,Aspartic acid,N[C@@H](CC(O)=O)C(O)=O,C4H7NO4,133.1027,133.0375077,133.103,-3.813,5,3
DB00174,Asparagine,N[C@@H](CC(N)=O)C(O)=O,C4H8N2O3,132.1179,132.0534921,132.119,-4.2108,5,3
DB00129,Ornithine,NCCC[C@H](N)C(O)=O,C5H12N2O2,132.161,132.0898776,132.162,-5.1336,4,3
DB14182,Dichromate,[O-][Cr](=O)(=O)O[Cr]([O-])(=O)=O,Cr2O7,215.986,215.846511,215.985,1.3268,7,0
DB04160,Pyrophosphoric acid,OP(O)(=O)OP(O)(O)=O,H4O7P2,177.9751,177.9432255,177.973,-7.497,7,4
DB00189,Ethchlorvynol,CCC(O)(\C=C\Cl)C#C,C7H9ClO,144.6,144.0341926,144.6,1.2579,1,1
DB14078,Medronic acid,OP(O)(=O)CP(O)(O)=O,CH6O6P2,176.0023,175.9639609,176.001,-6.6711,6,4
DB14219,Monomethyl fumarate,COC(=O)\C=C\C(O)=O,C5H6O4,130.099,130.0266087,130.099,-0.4909,4,1
DB09397,Technetium Tc-99m sulfur colloid,[99Tc].S1SSSSSSS1,S8Tc,355.39,354.6828239,355.434,-4.756,0,0
DB11573,Aluminum chlorohydrate,O.[OH-].[OH-].[OH-].[OH-].[OH-].[Al+3].[Al+3].[Cl-],Al2ClH7O6,192.46,191.9561926,192.467,0,0,0
DB03754,Tromethamine,NC(CO)(CO)CO,C4H11NO3,121.135,121.0738932,121.135,-2.3875,4,4
DB00156,Threonine,C[C@@H](O)[C@H](N)C(O)=O,C4H9NO3,119.1192,119.0582432,119.119,-3.5585,4,3
DB06756,Betaine,C[N+](C)(C)CC([O-])=O,C5H11NO2,117.1463,117.0789786,117.147,-6.0194,2,0
DB01612,Amyl Nitrite,CCCCCON=O,C5H11NO2,117.1463,117.0789786,117.147,2.3114,3,0
DB00161,Valine,CC(C)[C@H](N)C(O)=O,C5H11NO2,117.1463,117.0789786,117.147,-2.3184,3,2
DB00888,Mechlorethamine,CN(CCCl)CCCl,C5H11Cl2N,156.054,155.0268548,156.055,1.1356,1,0
DB11386,Chlorobutanol,CC(C)(O)C(Cl)(Cl)Cl,C4H7Cl3O,177.45,175.9562479,177.458,2.2349,1,1
DB01028,Methoxyflurane,COC(F)(F)C(Cl)Cl,C3H4Cl2F2O,164.966,163.9607266,164.966,1.8198,1,0
DB00139,Succinic acid,OC(=O)CCC(O)=O,C4H6O4,118.088,118.0266087,118.088,-0.6666,4,2
DB13117,Pentafluoropropane,FC(F)CC(F)(F)F,C3H3F5,134.049,134.0154909,134.047,1.6837,0,0
DB09277,Choline C 11,[Cl-].C[N+](C)([11CH3])CCO,C5H14ClNO,138.62,138.0878256,138.626,-3.5938,1,1
DB09072,Sodium oxybate,[Na+].OCCCC([O-])=O,C4H7NaO3,126.087,126.0292884,126.087,-0.317,3,2
DB14481,Calcium phosphate dihydrate,O.O.[Ca++].OP([O-])([O-])=O,CaH5O6P,172.086,171.9449658,172.086,-5.0393,4,3
DB11640,Amifampridine,NC1=CC=NC=C1N,C5H7N3,109.132,109.0639972,109.132,-0.6959,3,2
DB05381,Histamine,NCCC1=CNC=N1,C5H9N3,111.1451,111.0796473,111.147,-0.6912,3,2
DB00272,Betazole,NCCC1=CC=NN1,C5H9N3,111.1451,111.0796473,111.147,-0.9578,3,2
DB06815,Pyrithione,[O-][N+]1=C(S)C=CC=C1,C5H5NOS,127.16,127.009185,127.167,0.2216,1,0
DB14197,Methylchloroisothiazolinone,CN1SC(Cl)=CC1=O,C4H4ClNOS,149.59,148.9702126,149.601,1.836,2,0
DB13145,Nedaplatin,[H][N]([H])([H])[Pt]1(OCC(=O)O1)[N]([H])([H])[H],C2H8N2O3Pt,303.181,303.018284,303.177,-1.1088,5,2
DB14141,p-Phenylenediamine,NC1=CC=C(N)C=C1,C6H8N2,108.144,108.0687483,108.144,0.305,2,2
DB13154,Parachlorophenol,OC1=CC=C(Cl)C=C1,C6H5ClO,128.556,128.0028925,128.558,1.9199,1,1
DB06770,Benzyl alcohol,OCC1=CC=CC=C1,C7H8O,108.1378,108.0575149,108.14,1.0623,1,1
DB09526,Hydroquinone,OC1=CC=C(O)C=C1,C6H6O2,110.1106,110.0367794,110.112,0.9682,2,2
DB11085,Resorcinol,OC1=CC(O)=CC=C1,C6H6O2,110.1106,110.0367794,110.112,0.9682,2,2
DB00828,Fosfomycin,C[C@@H]1O[C@@H]1P(O)(O)=O,C3H7O4P,138.059,138.0081952,138.059,-2.8214,4,2
DB09353,Octasulfur,S1SSSSSSS1,S8,256.52,255.7765655,256.528,-4.756,0,0
DB00260,Cycloserine,N[C@@H]1CONC1=O,C3H6N2O2,102.0919,102.0429274,102.093,-2.0834,4,2
DB00763,Methimazole,CN1C=CNC1=S,C4H6N2S,114.169,114.0251689,114.172,-0.1957,2,1
DB06637,Dalfampridine,NC1=CC=NC=C1,C5H6N2,94.1145,94.0530982,94.1166,-0.0186,2,1
DB03255,Phenol,OC1=CC=CC=C1,C6H6O,94.1112,94.04186481,94.1126,1.3139,1,1
DB06768,Ammonium lactate,[NH4+].CC(O)C([O-])=O,C3H9NO3,107.1085,107.0582432,107.108,-0.8665,3,2
DB09483,Potassium lactate,[K+].CC(O)C([O-])=O,C3H5KO3,128.1683,127.9875759,128.168,-0.8665,3,2
DB13100,Biguanide,NC(=N)NC(N)=N,C2H7N5,101.113,101.0701452,101.113,-2.3317,5,5
DB01956,Taurine,NCCS(O)(=O)=O,C2H7NO3S,125.147,125.0146638,125.148,-4.3744,4,2
DB03929,D-Serine,N[C@H](CO)C(O)=O,C3H7NO3,105.0926,105.0425931,105.093,-3.9178,4,3
DB09563,Choline C-11,C[N+](C)([11CH3])CCO,C5H14NO,103.173,103.1184243,103.173,-3.5938,1,1
DB00122,Choline,C[N+](C)(C)CCO,C5H14NO,104.1708,104.1075391,104.172,-3.5938,1,1
DB00151,Cysteine,N[C@@H](CS)C(O)=O,C3H7NO2S,121.158,121.0197492,121.16,-3.0583,3,2
DB02530,gamma-Aminobutyric acid,NCCCC(O)=O,C4H9NO2,103.1198,103.0633285,103.12,-2.4416,3,2
DB13838,Noxytiolin,CNC(=S)NCO,C3H8N2OS,120.17,120.0357341,120.176,-0.7207,3,3
DB09110,Coenzyme M,OS(=O)(=O)CCS,C2H6O3S2,142.197,141.9758354,142.199,-1.3903,3,1
DB01440,gamma-Hydroxybutyric acid,OCCCC(O)=O,C4H8O3,104.1045,104.0473441,104.105,-0.317,3,2
DB00529,Foscarnet,OC(=O)P(O)(O)=O,CH3O5P,126.0053,125.9718097,126.004,-3.6932,5,3
DB01563,Chloral hydrate,OC(O)C(Cl)(Cl)Cl,C2H3Cl3O2,165.403,163.9198625,165.403,0.7873,2,2
DB01159,Halothane,[H]C(Cl)(Br)C(F)(F)F,C2HBrClF3,197.382,195.890225,197.381,2.224,0,0
DB09484,Sodium fluorophosphate,[Na+].[Na+].[O-]P([O-])(F)=O,FNa2O3P,143.949,143.9364476,143.949,-2.7323,3,2
DB09414,Dipotassium phosphate,[K+].[K+].OP([O-])([O-])=O,HK2O4P,174.1759,173.8886588,174.174,-5.0393,4,3
DB14499,Potassium sulfate,[K+].[K+].[O-]S([O-])(=O)=O,K2O4S,174.259,173.8791429,174.258,-3.4103,4,2
DB09370,Sodium phosphate P 32,[Na+].[Na+].O[32P]([O-])([O-])=O,HNa2O4P,142.957,142.9409292,142.958,-5.0393,4,3
DB14502,"Sodium phosphate, dibasic",[Na+].[Na+].OP([O-])([O-])=O,HNa2O4P,141.9588,141.9407844,141.958,-5.0393,4,3
DB14496,Sodium molybdate,[Na+].[Na+].[O-][Mo]([O-])(=O)=O,MoNa2O4,205.93,207.864602,205.916,0.6634,4,2
DB09380,Sodium chromate Cr-51,[Na+].[Na+].[O-][51Cr]([O-])(=O)=O,CrNa2O4,160.92,160.9039688,160.921,0.6634,4,2
DB09472,Sodium sulfate,[Na+].[Na+].[O-]S([O-])(=O)=O,Na2O4S,142.042,141.9312685,142.042,-3.4103,4,2
DB06215,Ferumoxytol,[O--].[O--].[O--].[O--].[Fe++].[Fe+3].[Fe+3],Fe3O4,231.531,231.784466,231.531,0,0,0
DB15926,Ammonium carbonate,[NH4+].[NH4+].[O-]C([O-])=O,CH8N2O3,96.086,96.05349213,96.0855,-0.5238,3,2
DB09460,Sodium carbonate,[Na+].[Na+].[O-]C([O-])=O,CNa2O3,105.9884,105.9642832,105.988,-0.5238,3,2
DB13977,Potassium carbonate,[K+].[K+].[O-]C([O-])=O,CK2O3,138.2055,137.9121576,138.204,-0.5238,3,2
DB14509,Lithium carbonate,[Li+].[Li+].[O-]C([O-])=O,CLi2O3,73.89,74.01675074,73.89,-0.5238,3,2
DB04827,Urethane,CCOC(N)=O,C3H7NO2,89.0932,89.04767847,89.0936,-0.0874,3,1
DB14475,L-Lactic acid,C[C@H](O)C(O)=O,C3H6O3,90.0779,90.03169406,90.0776,-0.8665,3,2
DB04398,Lactic acid,CC(O)C(O)=O,C3H6O3,90.0779,90.03169406,90.0776,-0.8665,3,2
DB00119,Pyruvic acid,CC(=O)C(O)=O,C3H4O3,88.0621,88.01604399,88.0618,-0.8977,3,1
DB09462,Glycerin,OCC(O)CO,C3H8O3,92.0938,92.04734412,92.0935,-1.4436,3,3
DB06782,Dimercaprol,OCC(S)CS,C3H8OS2,124.225,124.0016563,124.228,0.3225,1,1
DB08809,Dichloroacetic acid,OC(=O)C(Cl)Cl,C2H2Cl2O2,128.942,127.9431847,128.942,0.3324,2,1
DB14110,Butylene glycol,CC(O)CCO,C4H10O2,90.121,90.06807956,90.1214,-0.0625,2,2
DB13116,Norflurane,FCC(F)(F)F,C2H2F4,102.032,102.0092627,102.03,1.2359,0,0
DB00592,Piperazine,C1CNCCN1,C4H10N2,86.1356,86.08439833,86.1374,-0.563,2,2
DB01213,Fomepizole,CC1=CNN=C1,C4H6N2,82.1038,82.0530982,82.1056,-0.1029,2,1
DB11129,Carbamide peroxide,OO.NC(N)=O,CH6N2O3,94.07,94.03784206,94.0696,-1.3194,3,2
DB00653,Magnesium sulfate,[Mg++].[O-]S([O-])(=O)=O,MgO4S,120.368,119.9367711,120.367,-3.4103,4,2
DB06778,Cupric sulfate,[Cu++].[O-]S([O-])(=O)=O,CuO4S,159.609,158.8813303,159.608,-3.4103,4,2
DB09322,Zinc sulfate,[Zn++].[O-]S([O-])(=O)=O,O4SZn,161.472,159.8808758,161.452,-3.4103,4,2
DB13257,Ferrous sulfate anhydrous,[Fe++].[O-]S([O-])(=O)=O,FeO4S,151.908,151.8866713,151.907,-3.4103,4,2
DB14180,Nickel sulfate,[Ni++].[O-]S([O-])(=O)=O,NiO4S,154.756,153.8870771,154.755,-3.4103,4,2
DB11150,Barium sulfate,[Ba++].[O-]S([O-])(=O)=O,BaO4S,233.39,233.8569705,233.392,-3.4103,4,2
DB14530,Chromous sulfate,[Cr++].[O-]S([O-])(=O)=O,CrO4S,148.05,147.892236,148.058,-3.4103,4,2
DB09449,"Sodium phosphate, monobasic",[Na+].OP(O)([O-])=O,H2NaO4P,119.977,119.9588397,119.976,-5.0393,4,3
DB09413,Monopotassium phosphate,[K+].OP(O)([O-])=O,H2KO4P,136.0855,135.9327769,136.084,-5.0393,4,3
DB09418,Potassium perchlorate,[K+].[O-][Cl](=O)(=O)=O,ClKO4,138.549,137.9122181,138.547,-2.8682,4,1
DB14517,Aluminium phosphate,[Al+3].[O-]P([O-])([O-])=O,AlO4P,121.9529,121.9349584,121.952,-5.0393,4,3
DB11080,Silver nitrate,[Ag+].[O-]N(=O)=O,AgNO3,169.8731,168.8929109,169.874,-0.8585,3,0
DB11090,Potassium nitrate,[K+].[O-][N+]([O-])=O,KNO3,101.1032,100.9515247,101.102,-0.8585,3,0
DB09481,Magnesium carbonate,[Mg++].[O-]C([O-])=O,CMgO3,84.314,83.96978576,84.313,-0.5238,3,2
DB06724,Calcium carbonate,[Ca++].[O-]C([O-])=O,CCaO3,100.087,99.94733502,100.086,-0.5238,3,2
DB01390,Sodium bicarbonate,[Na+].OC([O-])=O,CHNaO3,84.0066,83.98233857,84.0059,-0.5238,3,2
DB11098,Potassium bicarbonate,[K+].OC([O-])=O,CHKO3,100.1151,99.95627576,100.114,-0.5238,3,2
DB14702,Sodium metavanadate,[Na+].[O-][V](=O)=O,NaO3V,121.9295,121.9184772,121.929,0.6634,3,1
DB14015,Sodium bisulfite,[Na+].OS([O-])=O,HNaO3S,104.061,103.9544093,104.061,-3.1074,3,2
DB09395,Sodium acetate,[Na+].CC([O-])=O,C2H3NaO2,82.0338,82.00307402,82.0338,-0.2991,2,1
DB14498,Potassium acetate,[K+].CC([O-])=O,C2H3KO2,98.1423,97.9770112,98.1418,-0.2991,2,1
DB09348,Propiolactone,O=C1CCO1,C3H4O2,72.063,72.02112937,72.0628,-0.3622,2,0
DB00551,Acetohydroxamic acid,CC(=O)NO,C2H5NO2,75.0666,75.03202841,75.0667,-0.8135,3,2
DB00145,Glycine,NCC(O)=O,C2H5NO2,75.0666,75.03202841,75.0667,-3.3504,3,2
DB01005,Hydroxyurea,NC(=O)NO,CH4N2O2,76.0547,76.02727738,76.0548,-1.436,4,3
DB00515,Cisplatin,[H][N]([H])([H])[Pt](Cl)(Cl)[N]([H])([H])[H],Cl2H6N2Pt,300.05,298.955596,300.048,0,2,2
DB01169,Arsenic trioxide,O=[As]O[As]=O,As2O3,197.84,197.827934,197.841,0.6634,3,0
DB09499,Thiosulfuric acid,OS(O)(=O)=S,H2O3S2,114.144,113.9445353,114.145,-2.683,3,2
DB03085,Glycolic acid,OCC(O)=O,C2H4O3,76.0514,76.01604399,76.0508,-1.2258,3,2
DB03766,Propanoic acid,[H]CCC(O)=O,C3H6O2,74.0785,74.03677944,74.0786,0.1553,2,1
DB01839,Propylene glycol,CC(O)CO,C3H8O2,76.0944,76.0524295,76.0945,-0.5169,2,2
DB09394,Phosphoric acid,OP(O)(O)=O,H3O4P,97.9952,97.9768951,97.9938,-5.0393,4,3
DB11068,Selenic acid,O[Se](O)(=O)=O,H2O4Se,144.97,145.9118304,144.972,-3.6332,4,2
DB13323,Trichloroethylene,ClC=C(Cl)Cl,C2HCl3,131.388,129.9143832,131.389,2.391,0,0
DB11342,Aluminum oxide,[O--].[O--].[O--].[Al+3].[Al+3],Al2O3,101.96,101.9478209,101.961,0,0,0
DB13249,Magnesium silicate,[O--].[O--].[O--].[Mg++].[Si+4],MgO3Si,100.387,99.9467121,100.388,0,0,0
DB09314,Technetium Tc-99m pertechnetate,O.O.O.O.[98Tc-],H8O4Tc,169.968,169.950023,169.967,0,0,0
DB00536,Guanidine,NC(N)=N,CH5N3,59.0705,59.04834718,59.0717,-1.7184,3,3
DB00847,Cysteamine,NCCS,C2H7NS,77.149,77.02991992,77.1506,-0.4145,1,1
DB09510,Urea C-13,N[13C](N)=O,CH4N2O,61.048,61.03571759,61.0481,-1.3194,3,2
DB09513,Urea C-14,N[14C](N)=O,CH4N2O,62.048,62.03560475,62.048,-1.3194,3,2
DB03904,Urea,NC(N)=O,CH4N2O,60.0553,60.03236276,60.0558,-1.3194,3,2
DB14189,Ethylenediamine,NCCN,C2H8N2,60.0983,60.06874827,60.0995,-1.6718,2,2
DB14150,Chloric acid,[H]O[Cl](=O)=O,ClHO3,84.459,83.96142161,84.4579,-2.3424,3,1
DB11127,Selenious acid,O[Se](O)=O,H2O3Se,128.97,129.9169158,128.973,-3.1074,3,2
DB11326,Boric acid,OB(O)O,BH3O3,61.833,62.01752443,61.8318,0,3,3
DB13235,Perboric acid,OOB=O,BHO3,59.82,60.001874,59.8159,0.1532,3,1
DB01093,Dimethyl sulfoxide,CS(C)=O,C2H6OS,78.133,78.0139355,78.1346,-1.2837,1,0
DB02325,Isopropyl alcohol,CC(C)O,C3H8O,60.095,60.05751488,60.0955,0.4098,1,1
DB03175,Propyl alcohol,CCCO,C3H8O,60.095,60.05751488,60.0955,0.5049,1,1
DB03166,Acetic acid,CC(O)=O,C2H4O2,60.052,60.02112937,60.0518,-0.2991,2,1
